id,kind,category,title,start_date,end_date,pqu_id,application_version,station,status,source_key,url,warnings
train_window:10.0.46-PQU-1,train_window,train,10.0.46 PQU-1 train,2025-02-09,2026-03-14,10.0.46-PQU-1,10.0.46,,Completed,schedule,https://learn.microsoft.com/en-us/dynamics365/fin-ops-core/dev-itpro/get-started/quality-updates-schedule#high-level-pqu-train-schedule,"[""cutoff-start-year-mismatch""]"
preview:10.0.45,preview,service_update,10.0.45 preview,2025-07-28,2025-07-28,,10.0.45,,,service_updates,https://learn.microsoft.com/en-us/dynamics365/fin-ops-core/dev-itpro/get-started/public-preview-releases#targeted-release-schedule-dates-subject-to-change,[]
preview_latest_update:10.0.45,preview_latest_update,service_update,10.0.45 latest preview update,2025-08-08,2025-08-08,,10.0.45,,,service_updates,https://learn.microsoft.com/en-us/dynamics365/fin-ops-core/dev-itpro/get-started/public-preview-releases#targeted-release-schedule-dates-subject-to-change,[]
general_availability:10.0.45,general_availability,service_update,10.0.45 general availability,2025-09-12,2025-09-12,,10.0.45,,,service_updates,https://learn.microsoft.com/en-us/dynamics365/fin-ops-core/dev-itpro/get-started/public-preview-releases#targeted-release-schedule-dates-subject-to-change,[]
autoupdate_first:10.0.45,autoupdate_first,service_update,10.0.45 first autoupdate (production),2025-10-03,2025-10-03,,10.0.45,,,service_updates,https://learn.microsoft.com/en-us/dynamics365/fin-ops-core/dev-itpro/get-started/public-preview-releases#targeted-release-schedule-dates-subject-to-change,[]
preview:10.0.46,preview,service_update,10.0.46 preview,2025-10-24,2025-10-24,,10.0.46,,,service_updates,https://learn.microsoft.com/en-us/dynamics365/fin-ops-core/dev-itpro/get-started/public-preview-releases#targeted-release-schedule-dates-subject-to-change,[]
autoupdate_second:10.0.45,autoupdate_second,service_update,10.0.45 second autoupdate (production),2025-10-31,2025-10-31,,10.0.45,,,service_updates,https://learn.microsoft.com/en-us/dynamics365/fin-ops-core/dev-itpro/get-started/public-preview-releases#targeted-release-schedule-dates-subject-to-change,[]
preview_latest_update:10.0.46,preview_latest_update,service_update,10.0.46 latest preview update,2025-11-17,2025-11-17,,10.0.46,,,service_updates,https://learn.microsoft.com/en-us/dynamics365/fin-ops-core/dev-itpro/get-started/public-preview-releases#targeted-release-schedule-dates-subject-to-change,[]
general_availability:10.0.46,general_availability,service_update,10.0.46 general availability,2025-12-26,2025-12-26,,10.0.46,,,service_updates,https://learn.microsoft.com/en-us/dynamics365/fin-ops-core/dev-itpro/get-started/public-preview-releases#targeted-release-schedule-dates-subject-to-change,[]
preview:10.0.47,preview,service_update,10.0.47 preview,2026-01-26,2026-01-26,,10.0.47,,,service_updates,https://learn.microsoft.com/en-us/dynamics365/fin-ops-core/dev-itpro/get-started/public-preview-releases#targeted-release-schedule-dates-subject-to-change,[]
autoupdate_first:10.0.46,autoupdate_first,service_update,10.0.46 first autoupdate (production),2026-02-01,2026-02-01,,10.0.46,,,service_updates,https://learn.microsoft.com/en-us/dynamics365/fin-ops-core/dev-itpro/get-started/public-preview-releases#targeted-release-schedule-dates-subject-to-change,[]
change_cutoff:10.0.46-PQU-1,change_cutoff,train,10.0.46 PQU-1 change cutoff,2026-02-04,2026-02-04,10.0.46-PQU-1,10.0.46,,Completed,schedule,https://learn.microsoft.com/en-us/dynamics365/fin-ops-core/dev-itpro/get-started/quality-updates-schedule#high-level-pqu-train-schedule,"[""cutoff-start-year-mismatch""]"
preview_latest_update:10.0.47,preview_latest_update,service_update,10.0.47 latest preview update,2026-02-16,2026-02-16,,10.0.47,,,service_updates,https://learn.microsoft.com/en-us/dynamics365/fin-ops-core/dev-itpro/get-started/public-preview-releases#targeted-release-schedule-dates-subject-to-change,[]
autoupdate_second:10.0.46,autoupdate_second,service_update,10.0.46 second autoupdate (production),2026-03-01,2026-03-01,,10.0.46,,,service_updates,https://learn.microsoft.com/en-us/dynamics365/fin-ops-core/dev-itpro/get-started/public-preview-releases#targeted-release-schedule-dates-subject-to-change,[]
change_cutoff:10.0.46-PQU-2,change_cutoff,train,10.0.46 PQU-2 change cutoff,2026-03-04,2026-03-04,10.0.46-PQU-2,10.0.46,,Completed,schedule,https://learn.microsoft.com/en-us/dynamics365/fin-ops-core/dev-itpro/get-started/quality-updates-schedule#high-level-pqu-train-schedule,[]
train_window:10.0.46-PQU-2,train_window,train,10.0.46 PQU-2 train,2026-03-09,2026-04-11,10.0.46-PQU-2,10.0.46,,Completed,schedule,https://learn.microsoft.com/en-us/dynamics365/fin-ops-core/dev-itpro/get-started/quality-updates-schedule#high-level-pqu-train-schedule,[]
general_availability:10.0.47,general_availability,service_update,10.0.47 general availability,2026-03-13,2026-03-13,,10.0.47,,,service_updates,https://learn.microsoft.com/en-us/dynamics365/fin-ops-core/dev-itpro/get-started/public-preview-releases#targeted-release-schedule-dates-subject-to-change,[]
change_cutoff:10.0.46-PQU-3,change_cutoff,train,10.0.46 PQU-3 change cutoff,2026-04-01,2026-04-01,10.0.46-PQU-3,10.0.46,,Completed,schedule,https://learn.microsoft.com/en-us/dynamics365/fin-ops-core/dev-itpro/get-started/quality-updates-schedule#high-level-pqu-train-schedule,[]
autoupdate_first:10.0.47,autoupdate_first,service_update,10.0.47 first autoupdate (production),2026-04-03,2026-04-03,,10.0.47,,,service_updates,https://learn.microsoft.com/en-us/dynamics365/fin-ops-core/dev-itpro/get-started/public-preview-releases#targeted-release-schedule-dates-subject-to-change,[]
train_window:10.0.46-PQU-3,train_window,train,10.0.46 PQU-3 train,2026-04-06,2026-05-09,10.0.46-PQU-3,10.0.46,,Completed,schedule,https://learn.microsoft.com/en-us/dynamics365/fin-ops-core/dev-itpro/get-started/quality-updates-schedule#high-level-pqu-train-schedule,[]
change_cutoff:10.0.47-PQU-1,change_cutoff,train,10.0.47 PQU-1 change cutoff,2026-04-08,2026-04-08,10.0.47-PQU-1,10.0.47,,Completed,schedule,https://learn.microsoft.com/en-us/dynamics365/fin-ops-core/dev-itpro/get-started/quality-updates-schedule#high-level-pqu-train-schedule,[]
train_window:10.0.47-PQU-1,train_window,train,10.0.47 PQU-1 train,2026-04-08,2026-05-02,10.0.47-PQU-1,10.0.47,,Completed,schedule,https://learn.microsoft.com/en-us/dynamics365/fin-ops-core/dev-itpro/get-started/quality-updates-schedule#high-level-pqu-train-schedule,[]
change_cutoff:10.0.47-PQU-2,change_cutoff,train,10.0.47 PQU-2 change cutoff,2026-04-22,2026-04-22,10.0.47-PQU-2,10.0.47,,Canceled,schedule,https://learn.microsoft.com/en-us/dynamics365/fin-ops-core/dev-itpro/get-started/quality-updates-schedule#high-level-pqu-train-schedule,[]
train_window:10.0.47-PQU-2,train_window,train,10.0.47 PQU-2 train,2026-04-22,2026-05-16,10.0.47-PQU-2,10.0.47,,Canceled,schedule,https://learn.microsoft.com/en-us/dynamics365/fin-ops-core/dev-itpro/get-started/quality-updates-schedule#high-level-pqu-train-schedule,[]
preview:10.0.48,preview,service_update,10.0.48 preview,2026-04-24,2026-04-24,,10.0.48,,,service_updates,https://learn.microsoft.com/en-us/dynamics365/fin-ops-core/dev-itpro/get-started/public-preview-releases#targeted-release-schedule-dates-subject-to-change,[]
change_cutoff:10.0.46-PQU-4,change_cutoff,train,10.0.46 PQU-4 change cutoff,2026-04-29,2026-04-29,10.0.46-PQU-4,10.0.46,,Completed,schedule,https://learn.microsoft.com/en-us/dynamics365/fin-ops-core/dev-itpro/get-started/quality-updates-schedule#high-level-pqu-train-schedule,[]
autoupdate_second:10.0.47,autoupdate_second,service_update,10.0.47 second autoupdate (production),2026-05-01,2026-05-01,,10.0.47,,,service_updates,https://learn.microsoft.com/en-us/dynamics365/fin-ops-core/dev-itpro/get-started/public-preview-releases#targeted-release-schedule-dates-subject-to-change,[]
train_window:10.0.46-PQU-4,train_window,train,10.0.46 PQU-4 train,2026-05-04,2026-06-06,10.0.46-PQU-4,10.0.46,,Completed,schedule,https://learn.microsoft.com/en-us/dynamics365/fin-ops-core/dev-itpro/get-started/quality-updates-schedule#high-level-pqu-train-schedule,[]
change_cutoff:10.0.47-PQU-3,change_cutoff,train,10.0.47 PQU-3 change cutoff,2026-05-06,2026-05-06,10.0.47-PQU-3,10.0.47,,Completed,schedule,https://learn.microsoft.com/en-us/dynamics365/fin-ops-core/dev-itpro/get-started/quality-updates-schedule#high-level-pqu-train-schedule,[]
train_window:10.0.47-PQU-3,train_window,train,10.0.47 PQU-3 train,2026-05-06,2026-05-30,10.0.47-PQU-3,10.0.47,,Completed,schedule,https://learn.microsoft.com/en-us/dynamics365/fin-ops-core/dev-itpro/get-started/quality-updates-schedule#high-level-pqu-train-schedule,[]
preview_latest_update:10.0.48,preview_latest_update,service_update,10.0.48 latest preview update,2026-05-11,2026-05-11,,10.0.48,,,service_updates,https://learn.microsoft.com/en-us/dynamics365/fin-ops-core/dev-itpro/get-started/public-preview-releases#targeted-release-schedule-dates-subject-to-change,[]
change_cutoff:10.0.47-PQU-4,change_cutoff,train,10.0.47 PQU-4 change cutoff,2026-05-20,2026-05-20,10.0.47-PQU-4,10.0.47,,Completed,schedule,https://learn.microsoft.com/en-us/dynamics365/fin-ops-core/dev-itpro/get-started/quality-updates-schedule#high-level-pqu-train-schedule,[]
train_window:10.0.47-PQU-4,train_window,train,10.0.47 PQU-4 train,2026-05-20,2026-06-13,10.0.47-PQU-4,10.0.47,,Completed,schedule,https://learn.microsoft.com/en-us/dynamics365/fin-ops-core/dev-itpro/get-started/quality-updates-schedule#high-level-pqu-train-schedule,[]
end_of_service:10.0.45,end_of_service,service_update,10.0.45 end of service,2026-05-22,2026-05-22,,10.0.45,,,service_updates,https://learn.microsoft.com/en-us/dynamics365/fin-ops-core/dev-itpro/get-started/public-preview-releases#targeted-release-schedule-dates-subject-to-change,[]
change_cutoff:10.0.46-PQU-5,change_cutoff,train,10.0.46 PQU-5 change cutoff,2026-05-27,2026-05-27,10.0.46-PQU-5,10.0.46,,Completed,schedule,https://learn.microsoft.com/en-us/dynamics365/fin-ops-core/dev-itpro/get-started/quality-updates-schedule#high-level-pqu-train-schedule,[]
train_window:10.0.46-PQU-5,train_window,train,10.0.46 PQU-5 train,2026-06-01,2026-07-05,10.0.46-PQU-5,10.0.46,,Completed,schedule,https://learn.microsoft.com/en-us/dynamics365/fin-ops-core/dev-itpro/get-started/quality-updates-schedule#high-level-pqu-train-schedule,[]
change_cutoff:10.0.47-PQU-5,change_cutoff,train,10.0.47 PQU-5 change cutoff,2026-06-03,2026-06-03,10.0.47-PQU-5,10.0.47,,Completed,schedule,https://learn.microsoft.com/en-us/dynamics365/fin-ops-core/dev-itpro/get-started/quality-updates-schedule#high-level-pqu-train-schedule,[]
train_window:10.0.47-PQU-5,train_window,train,10.0.47 PQU-5 train,2026-06-03,2026-06-27,10.0.47-PQU-5,10.0.47,,Completed,schedule,https://learn.microsoft.com/en-us/dynamics365/fin-ops-core/dev-itpro/get-started/quality-updates-schedule#high-level-pqu-train-schedule,[]
general_availability:10.0.48,general_availability,service_update,10.0.48 general availability,2026-06-05,2026-06-05,,10.0.48,,,service_updates,https://learn.microsoft.com/en-us/dynamics365/fin-ops-core/dev-itpro/get-started/public-preview-releases#targeted-release-schedule-dates-subject-to-change,[]
change_cutoff:10.0.47-PQU-6,change_cutoff,train,10.0.47 PQU-6 change cutoff,2026-06-17,2026-06-17,10.0.47-PQU-6,10.0.47,,Completed,schedule,https://learn.microsoft.com/en-us/dynamics365/fin-ops-core/dev-itpro/get-started/quality-updates-schedule#high-level-pqu-train-schedule,[]
train_window:10.0.47-PQU-6,train_window,train,10.0.47 PQU-6 train,2026-06-17,2026-07-11,10.0.47-PQU-6,10.0.47,,Completed,schedule,https://learn.microsoft.com/en-us/dynamics365/fin-ops-core/dev-itpro/get-started/quality-updates-schedule#high-level-pqu-train-schedule,[]
change_cutoff:10.0.46-PQU-6,change_cutoff,train,10.0.46 PQU-6 change cutoff,2026-06-24,2026-06-24,10.0.46-PQU-6,10.0.46,,Completed,schedule,https://learn.microsoft.com/en-us/dynamics365/fin-ops-core/dev-itpro/get-started/quality-updates-schedule#high-level-pqu-train-schedule,[]
train_window:10.0.46-PQU-6,train_window,train,10.0.46 PQU-6 train,2026-06-29,2026-08-01,10.0.46-PQU-6,10.0.46,,Completed,schedule,https://learn.microsoft.com/en-us/dynamics365/fin-ops-core/dev-itpro/get-started/quality-updates-schedule#high-level-pqu-train-schedule,[]
change_cutoff:10.0.47-PQU-7,change_cutoff,train,10.0.47 PQU-7 change cutoff,2026-07-01,2026-07-01,10.0.47-PQU-7,10.0.47,,Completed,schedule,https://learn.microsoft.com/en-us/dynamics365/fin-ops-core/dev-itpro/get-started/quality-updates-schedule#high-level-pqu-train-schedule,[]
train_window:10.0.47-PQU-7,train_window,train,10.0.47 PQU-7 train,2026-07-01,2026-07-25,10.0.47-PQU-7,10.0.47,,Completed,schedule,https://learn.microsoft.com/en-us/dynamics365/fin-ops-core/dev-itpro/get-started/quality-updates-schedule#high-level-pqu-train-schedule,[]
autoupdate_first:10.0.48,autoupdate_first,service_update,10.0.48 first autoupdate (production),2026-07-03,2026-07-03,,10.0.48,,,service_updates,https://learn.microsoft.com/en-us/dynamics365/fin-ops-core/dev-itpro/get-started/public-preview-releases#targeted-release-schedule-dates-subject-to-change,[]
change_cutoff:10.0.48-PQU-1,change_cutoff,train,10.0.48 PQU-1 change cutoff,2026-07-08,2026-07-08,10.0.48-PQU-1,10.0.48,,Completed,schedule,https://learn.microsoft.com/en-us/dynamics365/fin-ops-core/dev-itpro/get-started/quality-updates-schedule#high-level-pqu-train-schedule,[]
train_window:10.0.48-PQU-1,train_window,train,10.0.48 PQU-1 train,2026-07-08,2026-08-01,10.0.48-PQU-1,10.0.48,,Completed,schedule,https://learn.microsoft.com/en-us/dynamics365/fin-ops-core/dev-itpro/get-started/quality-updates-schedule#high-level-pqu-train-schedule,[]
change_cutoff:10.0.47-PQU-8,change_cutoff,train,10.0.47 PQU-8 change cutoff,2026-07-15,2026-07-15,10.0.47-PQU-8,10.0.47,,Completed,schedule,https://learn.microsoft.com/en-us/dynamics365/fin-ops-core/dev-itpro/get-started/quality-updates-schedule#high-level-pqu-train-schedule,[]
train_window:10.0.47-PQU-8,train_window,train,10.0.47 PQU-8 train,2026-07-15,2026-08-08,10.0.47-PQU-8,10.0.47,,Completed,schedule,https://learn.microsoft.com/en-us/dynamics365/fin-ops-core/dev-itpro/get-started/quality-updates-schedule#high-level-pqu-train-schedule,[]
change_cutoff:10.0.46-PQU-7,change_cutoff,train,10.0.46 PQU-7 change cutoff,2026-07-22,2026-07-22,10.0.46-PQU-7,10.0.46,,Completed,schedule,https://learn.microsoft.com/en-us/dynamics365/fin-ops-core/dev-itpro/get-started/quality-updates-schedule#high-level-pqu-train-schedule,[]
change_cutoff:10.0.48-PQU-2,change_cutoff,train,10.0.48 PQU-2 change cutoff,2026-07-22,2026-07-22,10.0.48-PQU-2,10.0.48,,Completed,schedule,https://learn.microsoft.com/en-us/dynamics365/fin-ops-core/dev-itpro/get-started/quality-updates-schedule#high-level-pqu-train-schedule,[]
train_window:10.0.48-PQU-2,train_window,train,10.0.48 PQU-2 train,2026-07-22,2026-08-15,10.0.48-PQU-2,10.0.48,,Completed,schedule,https://learn.microsoft.com/en-us/dynamics365/fin-ops-core/dev-itpro/get-started/quality-updates-schedule#high-level-pqu-train-schedule,[]
train_window:10.0.46-PQU-7,train_window,train,10.0.46 PQU-7 train,2026-07-27,2026-08-29,10.0.46-PQU-7,10.0.46,,Completed,schedule,https://learn.microsoft.com/en-us/dynamics365/fin-ops-core/dev-itpro/get-started/quality-updates-schedule#high-level-pqu-train-schedule,[]
preview:10.0.49,preview,service_update,10.0.49 preview,2026-07-27,2026-07-27,,10.0.49,,,service_updates,https://learn.microsoft.com/en-us/dynamics365/fin-ops-core/dev-itpro/get-started/public-preview-releases#targeted-release-schedule-dates-subject-to-change,[]
change_cutoff:10.0.47-PQU-9,change_cutoff,train,10.0.47 PQU-9 change cutoff,2026-07-29,2026-07-29,10.0.47-PQU-9,10.0.47,,Completed,schedule,https://learn.microsoft.com/en-us/dynamics365/fin-ops-core/dev-itpro/get-started/quality-updates-schedule#high-level-pqu-train-schedule,[]
train_window:10.0.47-PQU-9,train_window,train,10.0.47 PQU-9 train,2026-07-29,2026-08-22,10.0.47-PQU-9,10.0.47,,Completed,schedule,https://learn.microsoft.com/en-us/dynamics365/fin-ops-core/dev-itpro/get-started/quality-updates-schedule#high-level-pqu-train-schedule,[]
autoupdate_second:10.0.48,autoupdate_second,service_update,10.0.48 second autoupdate (production),2026-07-31,2026-07-31,,10.0.48,,,service_updates,https://learn.microsoft.com/en-us/dynamics365/fin-ops-core/dev-itpro/get-started/public-preview-releases#targeted-release-schedule-dates-subject-to-change,[]
change_cutoff:10.0.48-PQU-3,change_cutoff,train,10.0.48 PQU-3 change cutoff,2026-08-05,2026-08-05,10.0.48-PQU-3,10.0.48,,Completed,schedule,https://learn.microsoft.com/en-us/dynamics365/fin-ops-core/dev-itpro/get-started/quality-updates-schedule#high-level-pqu-train-schedule,[]
train_window:10.0.48-PQU-3,train_window,train,10.0.48 PQU-3 train,2026-08-05,2026-08-29,10.0.48-PQU-3,10.0.48,,Completed,schedule,https://learn.microsoft.com/en-us/dynamics365/fin-ops-core/dev-itpro/get-started/quality-updates-schedule#high-level-pqu-train-schedule,[]
change_cutoff:10.0.47-PQU-10,change_cutoff,train,10.0.47 PQU-10 change cutoff,2026-08-12,2026-08-12,10.0.47-PQU-10,10.0.47,,Completed,schedule,https://learn.microsoft.com/en-us/dynamics365/fin-ops-core/dev-itpro/get-started/quality-updates-schedule#high-level-pqu-train-schedule,[]
train_window:10.0.47-PQU-10,train_window,train,10.0.47 PQU-10 train,2026-08-12,2026-09-05,10.0.47-PQU-10,10.0.47,,Completed,schedule,https://learn.microsoft.com/en-us/dynamics365/fin-ops-core/dev-itpro/get-started/quality-updates-schedule#high-level-pqu-train-schedule,[]
preview_latest_update:10.0.49,preview_latest_update,service_update,10.0.49 latest preview update,2026-08-17,2026-08-17,,10.0.49,,,service_updates,https://learn.microsoft.com/en-us/dynamics365/fin-ops-core/dev-itpro/get-started/public-preview-releases#targeted-release-schedule-dates-subject-to-change,[]
change_cutoff:10.0.48-PQU-4,change_cutoff,train,10.0.48 PQU-4 change cutoff,2026-08-19,2026-08-19,10.0.48-PQU-4,10.0.48,,Completed,schedule,https://learn.microsoft.com/en-us/dynamics365/fin-ops-core/dev-itpro/get-started/quality-updates-schedule#high-level-pqu-train-schedule,[]
train_window:10.0.48-PQU-4,train_window,train,10.0.48 PQU-4 train,2026-08-19,2026-09-12,10.0.48-PQU-4,10.0.48,,Completed,schedule,https://learn.microsoft.com/en-us/dynamics365/fin-ops-core/dev-itpro/get-started/quality-updates-schedule#high-level-pqu-train-schedule,[]
change_cutoff:10.0.46-PQU-8,change_cutoff,train,10.0.46 PQU-8 change cutoff,2026-08-21,2026-08-21,10.0.46-PQU-8,10.0.46,,In-Progress,schedule,https://learn.microsoft.com/en-us/dynamics365/fin-ops-core/dev-itpro/get-started/quality-updates-schedule#high-level-pqu-train-schedule,[]
end_of_service:10.0.46,end_of_service,service_update,10.0.46 end of service,2026-08-21,2026-08-21,,10.0.46,,,service_updates,https://learn.microsoft.com/en-us/dynamics365/fin-ops-core/dev-itpro/get-started/public-preview-releases#targeted-release-schedule-dates-subject-to-change,[]
change_cutoff:10.0.47-PQU-11,change_cutoff,train,10.0.47 PQU-11 change cutoff,2026-08-26,2026-08-26,10.0.47-PQU-11,10.0.47,,Completed,schedule,https://learn.microsoft.com/en-us/dynamics365/fin-ops-core/dev-itpro/get-started/quality-updates-schedule#high-level-pqu-train-schedule,[]
train_window:10.0.47-PQU-11,train_window,train,10.0.47 PQU-11 train,2026-08-26,2026-09-19,10.0.47-PQU-11,10.0.47,,Completed,schedule,https://learn.microsoft.com/en-us/dynamics365/fin-ops-core/dev-itpro/get-started/quality-updates-schedule#high-level-pqu-train-schedule,[]
train_window:10.0.46-PQU-8,train_window,train,10.0.46 PQU-8 train,2026-08-31,2026-10-03,10.0.46-PQU-8,10.0.46,,In-Progress,schedule,https://learn.microsoft.com/en-us/dynamics365/fin-ops-core/dev-itpro/get-started/quality-updates-schedule#high-level-pqu-train-schedule,[]
sandbox_window:10.0.46-PQU-8:station-1,sandbox_window,station,10.0.46 PQU-8 · Station 1 sandbox,2026-08-31,2026-09-03,10.0.46-PQU-8,10.0.46,1,In-Progress,schedule,https://learn.microsoft.com/en-us/dynamics365/fin-ops-core/dev-itpro/get-started/quality-updates-schedule#schedule,[]
change_cutoff:10.0.48-PQU-5,change_cutoff,train,10.0.48 PQU-5 change cutoff,2026-09-02,2026-09-02,10.0.48-PQU-5,10.0.48,,Completed,schedule,https://learn.microsoft.com/en-us/dynamics365/fin-ops-core/dev-itpro/get-started/quality-updates-schedule#high-level-pqu-train-schedule,[]
train_window:10.0.48-PQU-5,train_window,train,10.0.48 PQU-5 train,2026-09-02,2026-09-26,10.0.48-PQU-5,10.0.48,,Completed,schedule,https://learn.microsoft.com/en-us/dynamics365/fin-ops-core/dev-itpro/get-started/quality-updates-schedule#high-level-pqu-train-schedule,[]
sandbox_window:10.0.48-PQU-5:station-1,sandbox_window,station,10.0.48 PQU-5 · Station 1 sandbox,2026-09-02,2026-09-05,10.0.48-PQU-5,10.0.48,1,Completed,schedule,https://learn.microsoft.com/en-us/dynamics365/fin-ops-core/dev-itpro/get-started/quality-updates-schedule#schedule,[]
sandbox_window:10.0.46-PQU-8:station-2,sandbox_window,station,10.0.46 PQU-8 · Station 2 sandbox,2026-09-07,2026-09-10,10.0.46-PQU-8,10.0.46,2,In-Progress,schedule,https://learn.microsoft.com/en-us/dynamics365/fin-ops-core/dev-itpro/get-started/quality-updates-schedule#schedule,[]
sandbox_window:10.0.48-PQU-5:station-2,sandbox_window,station,10.0.48 PQU-5 · Station 2 sandbox,2026-09-07,2026-09-10,10.0.48-PQU-5,10.0.48,2,Completed,schedule,https://learn.microsoft.com/en-us/dynamics365/fin-ops-core/dev-itpro/get-started/quality-updates-schedule#schedule,[]
sandbox_window:10.0.48-PQU-5:station-3,sandbox_window,station,10.0.48 PQU-5 · Station 3 sandbox,2026-09-07,2026-09-10,10.0.48-PQU-5,10.0.48,3,Completed,schedule,https://learn.microsoft.com/en-us/dynamics365/fin-ops-core/dev-itpro/get-started/quality-updates-schedule#schedule,[]
sandbox_window:10.0.46-PQU-8:station-3,sandbox_window,station,10.0.46 PQU-8 · Station 3 sandbox,2026-09-08,2026-09-11,10.0.46-PQU-8,10.0.46,3,In-Progress,schedule,https://learn.microsoft.com/en-us/dynamics365/fin-ops-core/dev-itpro/get-started/quality-updates-schedule#schedule,[]
change_cutoff:10.0.47-PQU-12,change_cutoff,train,10.0.47 PQU-12 change cutoff,2026-09-09,2026-09-09,10.0.47-PQU-12,10.0.47,,In-Progress,schedule,https://learn.microsoft.com/en-us/dynamics365/fin-ops-core/dev-itpro/get-started/quality-updates-schedule#high-level-pqu-train-schedule,[]
train_window:10.0.47-PQU-12,train_window,train,10.0.47 PQU-12 train,2026-09-09,2026-10-03,10.0.47-PQU-12,10.0.47,,In-Progress,schedule,https://learn.microsoft.com/en-us/dynamics365/fin-ops-core/dev-itpro/get-started/quality-updates-schedule#high-level-pqu-train-schedule,[]
sandbox_window:10.0.47-PQU-12:station-1,sandbox_window,station,10.0.47 PQU-12 · Station 1 sandbox,2026-09-09,2026-09-12,10.0.47-PQU-12,10.0.47,1,In-Progress,schedule,https://learn.microsoft.com/en-us/dynamics365/fin-ops-core/dev-itpro/get-started/quality-updates-schedule#schedule,[]
general_availability:10.0.49,general_availability,service_update,10.0.49 general availability,2026-09-11,2026-09-11,,10.0.49,,,service_updates,https://learn.microsoft.com/en-us/dynamics365/fin-ops-core/dev-itpro/get-started/public-preview-releases#targeted-release-schedule-dates-subject-to-change,[]
production_window:10.0.48-PQU-5:station-2,production_window,station,10.0.48 PQU-5 · Station 2 production,2026-09-12,2026-09-13,10.0.48-PQU-5,10.0.48,2,Completed,schedule,https://learn.microsoft.com/en-us/dynamics365/fin-ops-core/dev-itpro/get-started/quality-updates-schedule#schedule,[]
production_window:10.0.48-PQU-5:station-3,production_window,station,10.0.48 PQU-5 · Station 3 production,2026-09-12,2026-09-13,10.0.48-PQU-5,10.0.48,3,Completed,schedule,https://learn.microsoft.com/en-us/dynamics365/fin-ops-core/dev-itpro/get-started/quality-updates-schedule#schedule,[]
sandbox_window:10.0.46-PQU-8:station-4,sandbox_window,station,10.0.46 PQU-8 · Station 4 sandbox,2026-09-14,2026-09-17,10.0.46-PQU-8,10.0.46,4,In-Progress,schedule,https://learn.microsoft.com/en-us/dynamics365/fin-ops-core/dev-itpro/get-started/quality-updates-schedule#schedule,[]
sandbox_window:10.0.47-PQU-12:station-2,sandbox_window,station,10.0.47 PQU-12 · Station 2 sandbox,2026-09-14,2026-09-17,10.0.47-PQU-12,10.0.47,2,In-Progress,schedule,https://learn.microsoft.com/en-us/dynamics365/fin-ops-core/dev-itpro/get-started/quality-updates-schedule#schedule,[]
sandbox_window:10.0.47-PQU-12:station-3,sandbox_window,station,10.0.47 PQU-12 · Station 3 sandbox,2026-09-14,2026-09-17,10.0.47-PQU-12,10.0.47,3,In-Progress,schedule,https://learn.microsoft.com/en-us/dynamics365/fin-ops-core/dev-itpro/get-started/quality-updates-schedule#schedule,[]
sandbox_window:10.0.48-PQU-5:station-4,sandbox_window,station,10.0.48 PQU-5 · Station 4 sandbox,2026-09-14,2026-09-17,10.0.48-PQU-5,10.0.48,4,Completed,schedule,https://learn.microsoft.com/en-us/dynamics365/fin-ops-core/dev-itpro/get-started/quality-updates-schedule#schedule,[]
change_cutoff:10.0.48-PQU-6,change_cutoff,train,10.0.48 PQU-6 change cutoff,2026-09-16,2026-09-16,10.0.48-PQU-6,10.0.48,,In-Progress,schedule,https://learn.microsoft.com/en-us/dynamics365/fin-ops-core/dev-itpro/get-started/quality-updates-schedule#high-level-pqu-train-schedule,[]
train_window:10.0.48-PQU-6,train_window,train,10.0.48 PQU-6 train,2026-09-16,2026-10-10,10.0.48-PQU-6,10.0.48,,In-Progress,schedule,https://learn.microsoft.com/en-us/dynamics365/fin-ops-core/dev-itpro/get-started/quality-updates-schedule#high-level-pqu-train-schedule,[]
sandbox_window:10.0.48-PQU-6:station-1,sandbox_window,station,10.0.48 PQU-6 · Station 1 sandbox,2026-09-16,2026-09-19,10.0.48-PQU-6,10.0.48,1,In-Progress,schedule,https://learn.microsoft.com/en-us/dynamics365/fin-ops-core/dev-itpro/get-started/quality-updates-schedule#schedule,[]
production_window:10.0.46-PQU-8:station-2,production_window,station,10.0.46 PQU-8 · Station 2 production,2026-09-19,2026-09-20,10.0.46-PQU-8,10.0.46,2,In-Progress,schedule,https://learn.microsoft.com/en-us/dynamics365/fin-ops-core/dev-itpro/get-started/quality-updates-schedule#schedule,[]
production_window:10.0.46-PQU-8:station-3,production_window,station,10.0.46 PQU-8 · Station 3 production,2026-09-19,2026-09-20,10.0.46-PQU-8,10.0.46,3,In-Progress,schedule,https://learn.microsoft.com/en-us/dynamics365/fin-ops-core/dev-itpro/get-started/quality-updates-schedule#schedule,[]
production_window:10.0.47-PQU-12:station-2,production_window,station,10.0.47 PQU-12 · Station 2 production,2026-09-19,2026-09-20,10.0.47-PQU-12,10.0.47,2,In-Progress,schedule,https://learn.microsoft.com/en-us/dynamics365/fin-ops-core/dev-itpro/get-started/quality-updates-schedule#schedule,[]
production_window:10.0.47-PQU-12:station-3,production_window,station,10.0.47 PQU-12 · Station 3 production,2026-09-19,2026-09-20,10.0.47-PQU-12,10.0.47,3,In-Progress,schedule,https://learn.microsoft.com/en-us/dynamics365/fin-ops-core/dev-itpro/get-started/quality-updates-schedule#schedule,[]
production_window:10.0.48-PQU-5:station-4,production_window,station,10.0.48 PQU-5 · Station 4 production,2026-09-19,2026-09-20,10.0.48-PQU-5,10.0.48,4,Completed,schedule,https://learn.microsoft.com/en-us/dynamics365/fin-ops-core/dev-itpro/get-started/quality-updates-schedule#schedule,[]
sandbox_window:10.0.46-PQU-8:station-5,sandbox_window,station,10.0.46 PQU-8 · Station 5 sandbox,2026-09-21,2026-09-24,10.0.46-PQU-8,10.0.46,5,In-Progress,schedule,https://learn.microsoft.com/en-us/dynamics365/fin-ops-core/dev-itpro/get-started/quality-updates-schedule#schedule,[]
sandbox_window:10.0.47-PQU-12:station-4,sandbox_window,station,10.0.47 PQU-12 · Station 4 sandbox,2026-09-21,2026-09-24,10.0.47-PQU-12,10.0.47,4,In-Progress,schedule,https://learn.microsoft.com/en-us/dynamics365/fin-ops-core/dev-itpro/get-started/quality-updates-schedule#schedule,[]
sandbox_window:10.0.48-PQU-5:station-5,sandbox_window,station,10.0.48 PQU-5 · Station 5 sandbox,2026-09-21,2026-09-24,10.0.48-PQU-5,10.0.48,5,Completed,schedule,https://learn.microsoft.com/en-us/dynamics365/fin-ops-core/dev-itpro/get-started/quality-updates-schedule#schedule,[]
sandbox_window:10.0.48-PQU-5:station-6,sandbox_window,station,10.0.48 PQU-5 · Station 6 sandbox,2026-09-21,2026-09-24,10.0.48-PQU-5,10.0.48,6,Completed,schedule,https://learn.microsoft.com/en-us/dynamics365/fin-ops-core/dev-itpro/get-started/quality-updates-schedule#schedule,[]
sandbox_window:10.0.48-PQU-6:station-2,sandbox_window,station,10.0.48 PQU-6 · Station 2 sandbox,2026-09-21,2026-09-24,10.0.48-PQU-6,10.0.48,2,In-Progress,schedule,https://learn.microsoft.com/en-us/dynamics365/fin-ops-core/dev-itpro/get-started/quality-updates-schedule#schedule,[]
sandbox_window:10.0.48-PQU-6:station-3,sandbox_window,station,10.0.48 PQU-6 · Station 3 sandbox,2026-09-21,2026-09-24,10.0.48-PQU-6,10.0.48,3,In-Progress,schedule,https://learn.microsoft.com/en-us/dynamics365/fin-ops-core/dev-itpro/get-started/quality-updates-schedule#schedule,[]
sandbox_window:10.0.46-PQU-8:station-6,sandbox_window,station,10.0.46 PQU-8 · Station 6 sandbox,2026-09-22,2026-09-25,10.0.46-PQU-8,10.0.46,6,In-Progress,schedule,https://learn.microsoft.com/en-us/dynamics365/fin-ops-core/dev-itpro/get-started/quality-updates-schedule#schedule,[]
change_cutoff:10.0.47-PQU-13,change_cutoff,train,10.0.47 PQU-13 change cutoff,2026-09-23,2026-09-23,10.0.47-PQU-13,10.0.47,,In-Progress,schedule,https://learn.microsoft.com/en-us/dynamics365/fin-ops-core/dev-itpro/get-started/quality-updates-schedule#high-level-pqu-train-schedule,[]
train_window:10.0.47-PQU-13,train_window,train,10.0.47 PQU-13 train,2026-09-23,2026-10-17,10.0.47-PQU-13,10.0.47,,In-Progress,schedule,https://learn.microsoft.com/en-us/dynamics365/fin-ops-core/dev-itpro/get-started/quality-updates-schedule#high-level-pqu-train-schedule,[]
sandbox_window:10.0.47-PQU-13:station-1,sandbox_window,station,10.0.47 PQU-13 · Station 1 sandbox,2026-09-23,2026-09-26,10.0.47-PQU-13,10.0.47,1,In-Progress,schedule,https://learn.microsoft.com/en-us/dynamics365/fin-ops-core/dev-itpro/get-started/quality-updates-schedule#schedule,[]
production_window:10.0.46-PQU-8:station-4,production_window,station,10.0.46 PQU-8 · Station 4 production,2026-09-26,2026-09-27,10.0.46-PQU-8,10.0.46,4,In-Progress,schedule,https://learn.microsoft.com/en-us/dynamics365/fin-ops-core/dev-itpro/get-started/quality-updates-schedule#schedule,[]
production_window:10.0.47-PQU-12:station-4,production_window,station,10.0.47 PQU-12 · Station 4 production,2026-09-26,2026-09-27,10.0.47-PQU-12,10.0.47,4,In-Progress,schedule,https://learn.microsoft.com/en-us/dynamics365/fin-ops-core/dev-itpro/get-started/quality-updates-schedule#schedule,[]
production_window:10.0.48-PQU-5:station-5,production_window,station,10.0.48 PQU-5 · Station 5 production,2026-09-26,2026-09-27,10.0.48-PQU-5,10.0.48,5,Completed,schedule,https://learn.microsoft.com/en-us/dynamics365/fin-ops-core/dev-itpro/get-started/quality-updates-schedule#schedule,[]
production_window:10.0.48-PQU-5:station-6,production_window,station,10.0.48 PQU-5 · Station 6 production,2026-09-26,2026-09-27,10.0.48-PQU-5,10.0.48,6,Completed,schedule,https://learn.microsoft.com/en-us/dynamics365/fin-ops-core/dev-itpro/get-started/quality-updates-schedule#schedule,[]
production_window:10.0.48-PQU-6:station-2,production_window,station,10.0.48 PQU-6 · Station 2 production,2026-09-26,2026-09-27,10.0.48-PQU-6,10.0.48,2,In-Progress,schedule,https://learn.microsoft.com/en-us/dynamics365/fin-ops-core/dev-itpro/get-started/quality-updates-schedule#schedule,[]
production_window:10.0.48-PQU-6:station-3,production_window,station,10.0.48 PQU-6 · Station 3 production,2026-09-26,2026-09-27,10.0.48-PQU-6,10.0.48,3,In-Progress,schedule,https://learn.microsoft.com/en-us/dynamics365/fin-ops-core/dev-itpro/get-started/quality-updates-schedule#schedule,[]
sandbox_window:10.0.47-PQU-12:station-5,sandbox_window,station,10.0.47 PQU-12 · Station 5 sandbox,2026-09-28,2026-10-01,10.0.47-PQU-12,10.0.47,5,In-Progress,schedule,https://learn.microsoft.com/en-us/dynamics365/fin-ops-core/dev-itpro/get-started/quality-updates-schedule#schedule,[]
sandbox_window:10.0.47-PQU-12:station-6,sandbox_window,station,10.0.47 PQU-12 · Station 6 sandbox,2026-09-28,2026-10-01,10.0.47-PQU-12,10.0.47,6,In-Progress,schedule,https://learn.microsoft.com/en-us/dynamics365/fin-ops-core/dev-itpro/get-started/quality-updates-schedule#schedule,[]
sandbox_window:10.0.47-PQU-13:station-2,sandbox_window,station,10.0.47 PQU-13 · Station 2 sandbox,2026-09-28,2026-10-01,10.0.47-PQU-13,10.0.47,2,In-Progress,schedule,https://learn.microsoft.com/en-us/dynamics365/fin-ops-core/dev-itpro/get-started/quality-updates-schedule#schedule,[]
sandbox_window:10.0.47-PQU-13:station-3,sandbox_window,station,10.0.47 PQU-13 · Station 3 sandbox,2026-09-28,2026-10-01,10.0.47-PQU-13,10.0.47,3,In-Progress,schedule,https://learn.microsoft.com/en-us/dynamics365/fin-ops-core/dev-itpro/get-started/quality-updates-schedule#schedule,[]
sandbox_window:10.0.48-PQU-6:station-4,sandbox_window,station,10.0.48 PQU-6 · Station 4 sandbox,2026-09-28,2026-10-01,10.0.48-PQU-6,10.0.48,4,In-Progress,schedule,https://learn.microsoft.com/en-us/dynamics365/fin-ops-core/dev-itpro/get-started/quality-updates-schedule#schedule,[]
change_cutoff:10.0.48-PQU-7,change_cutoff,train,10.0.48 PQU-7 change cutoff,2026-09-30,2026-09-30,10.0.48-PQU-7,10.0.48,,In-Progress,schedule,https://learn.microsoft.com/en-us/dynamics365/fin-ops-core/dev-itpro/get-started/quality-updates-schedule#high-level-pqu-train-schedule,[]
train_window:10.0.48-PQU-7,train_window,train,10.0.48 PQU-7 train,2026-09-30,2026-10-24,10.0.48-PQU-7,10.0.48,,In-Progress,schedule,https://learn.microsoft.com/en-us/dynamics365/fin-ops-core/dev-itpro/get-started/quality-updates-schedule#high-level-pqu-train-schedule,[]
sandbox_window:10.0.48-PQU-7:station-1,sandbox_window,station,10.0.48 PQU-7 · Station 1 sandbox,2026-09-30,2026-10-03,10.0.48-PQU-7,10.0.48,1,In-Progress,schedule,https://learn.microsoft.com/en-us/dynamics365/fin-ops-core/dev-itpro/get-started/quality-updates-schedule#schedule,[]
autoupdate_first:10.0.49,autoupdate_first,service_update,10.0.49 first autoupdate (production),2026-10-02,2026-10-02,,10.0.49,,,service_updates,https://learn.microsoft.com/en-us/dynamics365/fin-ops-core/dev-itpro/get-started/public-preview-releases#targeted-release-schedule-dates-subject-to-change,[]
production_window:10.0.46-PQU-8:station-5,production_window,station,10.0.46 PQU-8 · Station 5 production,2026-10-03,2026-10-04,10.0.46-PQU-8,10.0.46,5,In-Progress,schedule,https://learn.microsoft.com/en-us/dynamics365/fin-ops-core/dev-itpro/get-started/quality-updates-schedule#schedule,[]
production_window:10.0.46-PQU-8:station-6,production_window,station,10.0.46 PQU-8 · Station 6 production,2026-10-03,2026-10-04,10.0.46-PQU-8,10.0.46,6,In-Progress,schedule,https://learn.microsoft.com/en-us/dynamics365/fin-ops-core/dev-itpro/get-started/quality-updates-schedule#schedule,[]
production_window:10.0.47-PQU-12:station-5,production_window,station,10.0.47 PQU-12 · Station 5 production,2026-10-03,2026-10-04,10.0.47-PQU-12,10.0.47,5,In-Progress,schedule,https://learn.microsoft.com/en-us/dynamics365/fin-ops-core/dev-itpro/get-started/quality-updates-schedule#schedule,[]
production_window:10.0.47-PQU-12:station-6,production_window,station,10.0.47 PQU-12 · Station 6 production,2026-10-03,2026-10-04,10.0.47-PQU-12,10.0.47,6,In-Progress,schedule,https://learn.microsoft.com/en-us/dynamics365/fin-ops-core/dev-itpro/get-started/quality-updates-schedule#schedule,[]
production_window:10.0.47-PQU-13:station-2,production_window,station,10.0.47 PQU-13 · Station 2 production,2026-10-03,2026-10-04,10.0.47-PQU-13,10.0.47,2,In-Progress,schedule,https://learn.microsoft.com/en-us/dynamics365/fin-ops-core/dev-itpro/get-started/quality-updates-schedule#schedule,[]
production_window:10.0.47-PQU-13:station-3,production_window,station,10.0.47 PQU-13 · Station 3 production,2026-10-03,2026-10-04,10.0.47-PQU-13,10.0.47,3,In-Progress,schedule,https://learn.microsoft.com/en-us/dynamics365/fin-ops-core/dev-itpro/get-started/quality-updates-schedule#schedule,[]
production_window:10.0.48-PQU-6:station-4,production_window,station,10.0.48 PQU-6 · Station 4 production,2026-10-03,2026-10-04,10.0.48-PQU-6,10.0.48,4,In-Progress,schedule,https://learn.microsoft.com/en-us/dynamics365/fin-ops-core/dev-itpro/get-started/quality-updates-schedule#schedule,[]
sandbox_window:10.0.47-PQU-13:station-4,sandbox_window,station,10.0.47 PQU-13 · Station 4 sandbox,2026-10-05,2026-10-08,10.0.47-PQU-13,10.0.47,4,In-Progress,schedule,https://learn.microsoft.com/en-us/dynamics365/fin-ops-core/dev-itpro/get-started/quality-updates-schedule#schedule,[]
sandbox_window:10.0.48-PQU-6:station-5,sandbox_window,station,10.0.48 PQU-6 · Station 5 sandbox,2026-10-05,2026-10-08,10.0.48-PQU-6,10.0.48,5,In-Progress,schedule,https://learn.microsoft.com/en-us/dynamics365/fin-ops-core/dev-itpro/get-started/quality-updates-schedule#schedule,[]
sandbox_window:10.0.48-PQU-6:station-6,sandbox_window,station,10.0.48 PQU-6 · Station 6 sandbox,2026-10-05,2026-10-08,10.0.48-PQU-6,10.0.48,6,In-Progress,schedule,https://learn.microsoft.com/en-us/dynamics365/fin-ops-core/dev-itpro/get-started/quality-updates-schedule#schedule,[]
sandbox_window:10.0.48-PQU-7:station-2,sandbox_window,station,10.0.48 PQU-7 · Station 2 sandbox,2026-10-05,2026-10-08,10.0.48-PQU-7,10.0.48,2,In-Progress,schedule,https://learn.microsoft.com/en-us/dynamics365/fin-ops-core/dev-itpro/get-started/quality-updates-schedule#schedule,[]
sandbox_window:10.0.48-PQU-7:station-3,sandbox_window,station,10.0.48 PQU-7 · Station 3 sandbox,2026-10-05,2026-10-08,10.0.48-PQU-7,10.0.48,3,In-Progress,schedule,https://learn.microsoft.com/en-us/dynamics365/fin-ops-core/dev-itpro/get-started/quality-updates-schedule#schedule,[]
change_cutoff:10.0.47-PQU-14,change_cutoff,train,10.0.47 PQU-14 change cutoff,2026-10-07,2026-10-07,10.0.47-PQU-14,10.0.47,,Not Started,schedule,https://learn.microsoft.com/en-us/dynamics365/fin-ops-core/dev-itpro/get-started/quality-updates-schedule#high-level-pqu-train-schedule,[]
change_cutoff:10.0.49-PQU-1,change_cutoff,train,10.0.49 PQU-1 change cutoff,2026-10-07,2026-10-07,10.0.49-PQU-1,10.0.49,,Not Started,schedule,https://learn.microsoft.com/en-us/dynamics365/fin-ops-core/dev-itpro/get-started/quality-updates-schedule#high-level-pqu-train-schedule,[]
train_window:10.0.47-PQU-14,train_window,train,10.0.47 PQU-14 train,2026-10-07,2026-10-31,10.0.47-PQU-14,10.0.47,,Not Started,schedule,https://learn.microsoft.com/en-us/dynamics365/fin-ops-core/dev-itpro/get-started/quality-updates-schedule#high-level-pqu-train-schedule,[]
train_window:10.0.49-PQU-1,train_window,train,10.0.49 PQU-1 train,2026-10-07,2026-10-31,10.0.49-PQU-1,10.0.49,,Not Started,schedule,https://learn.microsoft.com/en-us/dynamics365/fin-ops-core/dev-itpro/get-started/quality-updates-schedule#high-level-pqu-train-schedule,[]
production_window:10.0.47-PQU-13:station-4,production_window,station,10.0.47 PQU-13 · Station 4 production,2026-10-10,2026-10-11,10.0.47-PQU-13,10.0.47,4,In-Progress,schedule,https://learn.microsoft.com/en-us/dynamics365/fin-ops-core/dev-itpro/get-started/quality-updates-schedule#schedule,[]
production_window:10.0.48-PQU-6:station-5,production_window,station,10.0.48 PQU-6 · Station 5 production,2026-10-10,2026-10-11,10.0.48-PQU-6,10.0.48,5,In-Progress,schedule,https://learn.microsoft.com/en-us/dynamics365/fin-ops-core/dev-itpro/get-started/quality-updates-schedule#schedule,[]
production_window:10.0.48-PQU-6:station-6,production_window,station,10.0.48 PQU-6 · Station 6 production,2026-10-10,2026-10-11,10.0.48-PQU-6,10.0.48,6,In-Progress,schedule,https://learn.microsoft.com/en-us/dynamics365/fin-ops-core/dev-itpro/get-started/quality-updates-schedule#schedule,[]
production_window:10.0.48-PQU-7:station-2,production_window,station,10.0.48 PQU-7 · Station 2 production,2026-10-10,2026-10-11,10.0.48-PQU-7,10.0.48,2,In-Progress,schedule,https://learn.microsoft.com/en-us/dynamics365/fin-ops-core/dev-itpro/get-started/quality-updates-schedule#schedule,[]
production_window:10.0.48-PQU-7:station-3,production_window,station,10.0.48 PQU-7 · Station 3 production,2026-10-10,2026-10-11,10.0.48-PQU-7,10.0.48,3,In-Progress,schedule,https://learn.microsoft.com/en-us/dynamics365/fin-ops-core/dev-itpro/get-started/quality-updates-schedule#schedule,[]
sandbox_window:10.0.47-PQU-13:station-5,sandbox_window,station,10.0.47 PQU-13 · Station 5 sandbox,2026-10-12,2026-10-15,10.0.47-PQU-13,10.0.47,5,In-Progress,schedule,https://learn.microsoft.com/en-us/dynamics365/fin-ops-core/dev-itpro/get-started/quality-updates-schedule#schedule,[]
sandbox_window:10.0.47-PQU-13:station-6,sandbox_window,station,10.0.47 PQU-13 · Station 6 sandbox,2026-10-12,2026-10-15,10.0.47-PQU-13,10.0.47,6,In-Progress,schedule,https://learn.microsoft.com/en-us/dynamics365/fin-ops-core/dev-itpro/get-started/quality-updates-schedule#schedule,[]
sandbox_window:10.0.48-PQU-7:station-4,sandbox_window,station,10.0.48 PQU-7 · Station 4 sandbox,2026-10-12,2026-10-15,10.0.48-PQU-7,10.0.48,4,In-Progress,schedule,https://learn.microsoft.com/en-us/dynamics365/fin-ops-core/dev-itpro/get-started/quality-updates-schedule#schedule,[]
change_cutoff:10.0.48-PQU-8,change_cutoff,train,10.0.48 PQU-8 change cutoff,2026-10-14,2026-10-14,10.0.48-PQU-8,10.0.48,,Not Started,schedule,https://learn.microsoft.com/en-us/dynamics365/fin-ops-core/dev-itpro/get-started/quality-updates-schedule#high-level-pqu-train-schedule,[]
train_window:10.0.48-PQU-8,train_window,train,10.0.48 PQU-8 train,2026-10-14,2026-11-07,10.0.48-PQU-8,10.0.48,,Not Started,schedule,https://learn.microsoft.com/en-us/dynamics365/fin-ops-core/dev-itpro/get-started/quality-updates-schedule#high-level-pqu-train-schedule,[]
production_window:10.0.47-PQU-13:station-5,production_window,station,10.0.47 PQU-13 · Station 5 production,2026-10-17,2026-10-18,10.0.47-PQU-13,10.0.47,5,In-Progress,schedule,https://learn.microsoft.com/en-us/dynamics365/fin-ops-core/dev-itpro/get-started/quality-updates-schedule#schedule,[]
production_window:10.0.47-PQU-13:station-6,production_window,station,10.0.47 PQU-13 · Station 6 production,2026-10-17,2026-10-18,10.0.47-PQU-13,10.0.47,6,In-Progress,schedule,https://learn.microsoft.com/en-us/dynamics365/fin-ops-core/dev-itpro/get-started/quality-updates-schedule#schedule,[]
production_window:10.0.48-PQU-7:station-4,production_window,station,10.0.48 PQU-7 · Station 4 production,2026-10-17,2026-10-18,10.0.48-PQU-7,10.0.48,4,In-Progress,schedule,https://learn.microsoft.com/en-us/dynamics365/fin-ops-core/dev-itpro/get-started/quality-updates-schedule#schedule,[]
sandbox_window:10.0.48-PQU-7:station-5,sandbox_window,station,10.0.48 PQU-7 · Station 5 sandbox,2026-10-19,2026-10-22,10.0.48-PQU-7,10.0.48,5,In-Progress,schedule,https://learn.microsoft.com/en-us/dynamics365/fin-ops-core/dev-itpro/get-started/quality-updates-schedule#schedule,[]
sandbox_window:10.0.48-PQU-7:station-6,sandbox_window,station,10.0.48 PQU-7 · Station 6 sandbox,2026-10-19,2026-10-22,10.0.48-PQU-7,10.0.48,6,In-Progress,schedule,https://learn.microsoft.com/en-us/dynamics365/fin-ops-core/dev-itpro/get-started/quality-updates-schedule#schedule,[]
change_cutoff:10.0.47-PQU-15,change_cutoff,train,10.0.47 PQU-15 change cutoff,2026-10-21,2026-10-21,10.0.47-PQU-15,10.0.47,,Not Started,schedule,https://learn.microsoft.com/en-us/dynamics365/fin-ops-core/dev-itpro/get-started/quality-updates-schedule#high-level-pqu-train-schedule,[]
change_cutoff:10.0.49-PQU-2,change_cutoff,train,10.0.49 PQU-2 change cutoff,2026-10-21,2026-10-21,10.0.49-PQU-2,10.0.49,,Not Started,schedule,https://learn.microsoft.com/en-us/dynamics365/fin-ops-core/dev-itpro/get-started/quality-updates-schedule#high-level-pqu-train-schedule,[]
train_window:10.0.47-PQU-15,train_window,train,10.0.47 PQU-15 train,2026-10-21,2026-11-14,10.0.47-PQU-15,10.0.47,,Not Started,schedule,https://learn.microsoft.com/en-us/dynamics365/fin-ops-core/dev-itpro/get-started/quality-updates-schedule#high-level-pqu-train-schedule,[]
train_window:10.0.49-PQU-2,train_window,train,10.0.49 PQU-2 train,2026-10-21,2026-11-14,10.0.49-PQU-2,10.0.49,,Not Started,schedule,https://learn.microsoft.com/en-us/dynamics365/fin-ops-core/dev-itpro/get-started/quality-updates-schedule#high-level-pqu-train-schedule,[]
preview:10.0.50,preview,service_update,10.0.50 preview,2026-10-23,2026-10-23,,10.0.50,,,service_updates,https://learn.microsoft.com/en-us/dynamics365/fin-ops-core/dev-itpro/get-started/public-preview-releases#targeted-release-schedule-dates-subject-to-change,[]
production_window:10.0.48-PQU-7:station-5,production_window,station,10.0.48 PQU-7 · Station 5 production,2026-10-24,2026-10-25,10.0.48-PQU-7,10.0.48,5,In-Progress,schedule,https://learn.microsoft.com/en-us/dynamics365/fin-ops-core/dev-itpro/get-started/quality-updates-schedule#schedule,[]
production_window:10.0.48-PQU-7:station-6,production_window,station,10.0.48 PQU-7 · Station 6 production,2026-10-24,2026-10-25,10.0.48-PQU-7,10.0.48,6,In-Progress,schedule,https://learn.microsoft.com/en-us/dynamics365/fin-ops-core/dev-itpro/get-started/quality-updates-schedule#schedule,[]
change_cutoff:10.0.48-PQU-9,change_cutoff,train,10.0.48 PQU-9 change cutoff,2026-10-28,2026-10-28,10.0.48-PQU-9,10.0.48,,Not Started,schedule,https://learn.microsoft.com/en-us/dynamics365/fin-ops-core/dev-itpro/get-started/quality-updates-schedule#high-level-pqu-train-schedule,[]
train_window:10.0.48-PQU-9,train_window,train,10.0.48 PQU-9 train,2026-10-28,2026-11-21,10.0.48-PQU-9,10.0.48,,Not Started,schedule,https://learn.microsoft.com/en-us/dynamics365/fin-ops-core/dev-itpro/get-started/quality-updates-schedule#high-level-pqu-train-schedule,[]
autoupdate_second:10.0.49,autoupdate_second,service_update,10.0.49 second autoupdate (production),2026-11-01,2026-11-01,,10.0.49,,,service_updates,https://learn.microsoft.com/en-us/dynamics365/fin-ops-core/dev-itpro/get-started/public-preview-releases#targeted-release-schedule-dates-subject-to-change,[]
change_cutoff:10.0.47-PQU-16,change_cutoff,train,10.0.47 PQU-16 change cutoff,2026-11-04,2026-11-04,10.0.47-PQU-16,10.0.47,,Not Started,schedule,https://learn.microsoft.com/en-us/dynamics365/fin-ops-core/dev-itpro/get-started/quality-updates-schedule#high-level-pqu-train-schedule,[]
change_cutoff:10.0.49-PQU-3,change_cutoff,train,10.0.49 PQU-3 change cutoff,2026-11-04,2026-11-04,10.0.49-PQU-3,10.0.49,,Not Started,schedule,https://learn.microsoft.com/en-us/dynamics365/fin-ops-core/dev-itpro/get-started/quality-updates-schedule#high-level-pqu-train-schedule,[]
train_window:10.0.47-PQU-16,train_window,train,10.0.47 PQU-16 train,2026-11-04,2026-11-28,10.0.47-PQU-16,10.0.47,,Not Started,schedule,https://learn.microsoft.com/en-us/dynamics365/fin-ops-core/dev-itpro/get-started/quality-updates-schedule#high-level-pqu-train-schedule,[]
train_window:10.0.49-PQU-3,train_window,train,10.0.49 PQU-3 train,2026-11-04,2026-11-28,10.0.49-PQU-3,10.0.49,,Not Started,schedule,https://learn.microsoft.com/en-us/dynamics365/fin-ops-core/dev-itpro/get-started/quality-updates-schedule#high-level-pqu-train-schedule,[]
change_cutoff:10.0.48-PQU-10,change_cutoff,train,10.0.48 PQU-10 change cutoff,2026-11-11,2026-11-11,10.0.48-PQU-10,10.0.48,,Not Started,schedule,https://learn.microsoft.com/en-us/dynamics365/fin-ops-core/dev-itpro/get-started/quality-updates-schedule#high-level-pqu-train-schedule,[]
train_window:10.0.48-PQU-10,train_window,train,10.0.48 PQU-10 train,2026-11-11,2026-12-05,10.0.48-PQU-10,10.0.48,,Not Started,schedule,https://learn.microsoft.com/en-us/dynamics365/fin-ops-core/dev-itpro/get-started/quality-updates-schedule#high-level-pqu-train-schedule,[]
preview_latest_update:10.0.50,preview_latest_update,service_update,10.0.50 latest preview update,2026-11-17,2026-11-17,,10.0.50,,,service_updates,https://learn.microsoft.com/en-us/dynamics365/fin-ops-core/dev-itpro/get-started/public-preview-releases#targeted-release-schedule-dates-subject-to-change,[]
change_cutoff:10.0.49-PQU-4,change_cutoff,train,10.0.49 PQU-4 change cutoff,2026-11-18,2026-11-18,10.0.49-PQU-4,10.0.49,,Not Started,schedule,https://learn.microsoft.com/en-us/dynamics365/fin-ops-core/dev-itpro/get-started/quality-updates-schedule#high-level-pqu-train-schedule,[]
train_window:10.0.49-PQU-4,train_window,train,10.0.49 PQU-4 train,2026-11-18,2026-12-12,10.0.49-PQU-4,10.0.49,,Not Started,schedule,https://learn.microsoft.com/en-us/dynamics365/fin-ops-core/dev-itpro/get-started/quality-updates-schedule#high-level-pqu-train-schedule,[]
end_of_service:10.0.47,end_of_service,service_update,10.0.47 end of service,2026-11-20,2026-11-20,,10.0.47,,,service_updates,https://learn.microsoft.com/en-us/dynamics365/fin-ops-core/dev-itpro/get-started/public-preview-releases#targeted-release-schedule-dates-subject-to-change,[]
change_cutoff:10.0.47-PQU-17,change_cutoff,train,10.0.47 PQU-17 change cutoff,2026-11-25,2026-11-25,10.0.47-PQU-17,10.0.47,,Not Started,schedule,https://learn.microsoft.com/en-us/dynamics365/fin-ops-core/dev-itpro/get-started/quality-updates-schedule#high-level-pqu-train-schedule,[]
change_cutoff:10.0.48-PQU-11,change_cutoff,train,10.0.48 PQU-11 change cutoff,2026-11-25,2026-11-25,10.0.48-PQU-11,10.0.48,,Not Started,schedule,https://learn.microsoft.com/en-us/dynamics365/fin-ops-core/dev-itpro/get-started/quality-updates-schedule#high-level-pqu-train-schedule,[]
train_window:10.0.47-PQU-17,train_window,train,10.0.47 PQU-17 train,2026-11-25,2026-12-19,10.0.47-PQU-17,10.0.47,,Not Started,schedule,https://learn.microsoft.com/en-us/dynamics365/fin-ops-core/dev-itpro/get-started/quality-updates-schedule#high-level-pqu-train-schedule,[]
train_window:10.0.48-PQU-11,train_window,train,10.0.48 PQU-11 train,2026-11-25,2026-12-19,10.0.48-PQU-11,10.0.48,,Not Started,schedule,https://learn.microsoft.com/en-us/dynamics365/fin-ops-core/dev-itpro/get-started/quality-updates-schedule#high-level-pqu-train-schedule,[]
change_cutoff:10.0.49-PQU-5,change_cutoff,train,10.0.49 PQU-5 change cutoff,2026-12-02,2026-12-02,10.0.49-PQU-5,10.0.49,,Not Started,schedule,https://learn.microsoft.com/en-us/dynamics365/fin-ops-core/dev-itpro/get-started/quality-updates-schedule#high-level-pqu-train-schedule,[]
train_window:10.0.49-PQU-5,train_window,train,10.0.49 PQU-5 train,2026-12-02,2026-12-26,10.0.49-PQU-5,10.0.49,,Not Started,schedule,https://learn.microsoft.com/en-us/dynamics365/fin-ops-core/dev-itpro/get-started/quality-updates-schedule#high-level-pqu-train-schedule,[]
change_cutoff:10.0.48-PQU-12,change_cutoff,train,10.0.48 PQU-12 change cutoff,2026-12-09,2026-12-09,10.0.48-PQU-12,10.0.48,,Not Started,schedule,https://learn.microsoft.com/en-us/dynamics365/fin-ops-core/dev-itpro/get-started/quality-updates-schedule#high-level-pqu-train-schedule,[]
train_window:10.0.48-PQU-12,train_window,train,10.0.48 PQU-12 train,2026-12-09,2027-01-02,10.0.48-PQU-12,10.0.48,,Not Started,schedule,https://learn.microsoft.com/en-us/dynamics365/fin-ops-core/dev-itpro/get-started/quality-updates-schedule#high-level-pqu-train-schedule,[]
change_cutoff:10.0.49-PQU-6,change_cutoff,train,10.0.49 PQU-6 change cutoff,2026-12-16,2026-12-16,10.0.49-PQU-6,10.0.49,,Not Started,schedule,https://learn.microsoft.com/en-us/dynamics365/fin-ops-core/dev-itpro/get-started/quality-updates-schedule#high-level-pqu-train-schedule,[]
train_window:10.0.49-PQU-6,train_window,train,10.0.49 PQU-6 train,2026-12-16,2027-01-09,10.0.49-PQU-6,10.0.49,,Not Started,schedule,https://learn.microsoft.com/en-us/dynamics365/fin-ops-core/dev-itpro/get-started/quality-updates-schedule#high-level-pqu-train-schedule,[]
general_availability:10.0.50,general_availability,service_update,10.0.50 general availability,2026-12-22,2026-12-22,,10.0.50,,,service_updates,https://learn.microsoft.com/en-us/dynamics365/fin-ops-core/dev-itpro/get-started/public-preview-releases#targeted-release-schedule-dates-subject-to-change,[]
change_cutoff:10.0.48-PQU-13,change_cutoff,train,10.0.48 PQU-13 change cutoff,2026-12-23,2026-12-23,10.0.48-PQU-13,10.0.48,,Not Started,schedule,https://learn.microsoft.com/en-us/dynamics365/fin-ops-core/dev-itpro/get-started/quality-updates-schedule#high-level-pqu-train-schedule,[]
train_window:10.0.48-PQU-13,train_window,train,10.0.48 PQU-13 train,2026-12-23,2027-01-16,10.0.48-PQU-13,10.0.48,,Not Started,schedule,https://learn.microsoft.com/en-us/dynamics365/fin-ops-core/dev-itpro/get-started/quality-updates-schedule#high-level-pqu-train-schedule,[]
change_cutoff:10.0.49-PQU-7,change_cutoff,train,10.0.49 PQU-7 change cutoff,2026-12-30,2026-12-30,10.0.49-PQU-7,10.0.49,,Not Started,schedule,https://learn.microsoft.com/en-us/dynamics365/fin-ops-core/dev-itpro/get-started/quality-updates-schedule#high-level-pqu-train-schedule,[]
train_window:10.0.49-PQU-7,train_window,train,10.0.49 PQU-7 train,2026-12-30,2027-01-23,10.0.49-PQU-7,10.0.49,,Not Started,schedule,https://learn.microsoft.com/en-us/dynamics365/fin-ops-core/dev-itpro/get-started/quality-updates-schedule#high-level-pqu-train-schedule,[]
change_cutoff:10.0.48-PQU-14,change_cutoff,train,10.0.48 PQU-14 change cutoff,2027-01-06,2027-01-06,10.0.48-PQU-14,10.0.48,,Not Started,schedule,https://learn.microsoft.com/en-us/dynamics365/fin-ops-core/dev-itpro/get-started/quality-updates-schedule#high-level-pqu-train-schedule,[]
train_window:10.0.48-PQU-14,train_window,train,10.0.48 PQU-14 train,2027-01-06,2027-01-30,10.0.48-PQU-14,10.0.48,,Not Started,schedule,https://learn.microsoft.com/en-us/dynamics365/fin-ops-core/dev-itpro/get-started/quality-updates-schedule#high-level-pqu-train-schedule,[]
change_cutoff:10.0.49-PQU-8,change_cutoff,train,10.0.49 PQU-8 change cutoff,2027-01-13,2027-01-13,10.0.49-PQU-8,10.0.49,,Not Started,schedule,https://learn.microsoft.com/en-us/dynamics365/fin-ops-core/dev-itpro/get-started/quality-updates-schedule#high-level-pqu-train-schedule,[]
train_window:10.0.49-PQU-8,train_window,train,10.0.49 PQU-8 train,2027-01-13,2027-02-06,10.0.49-PQU-8,10.0.49,,Not Started,schedule,https://learn.microsoft.com/en-us/dynamics365/fin-ops-core/dev-itpro/get-started/quality-updates-schedule#high-level-pqu-train-schedule,[]
change_cutoff:10.0.48-PQU-15,change_cutoff,train,10.0.48 PQU-15 change cutoff,2027-01-20,2027-01-20,10.0.48-PQU-15,10.0.48,,Not Started,schedule,https://learn.microsoft.com/en-us/dynamics365/fin-ops-core/dev-itpro/get-started/quality-updates-schedule#high-level-pqu-train-schedule,[]
train_window:10.0.48-PQU-15,train_window,train,10.0.48 PQU-15 train,2027-01-20,2027-02-13,10.0.48-PQU-15,10.0.48,,Not Started,schedule,https://learn.microsoft.com/en-us/dynamics365/fin-ops-core/dev-itpro/get-started/quality-updates-schedule#high-level-pqu-train-schedule,[]
preview:10.0.51,preview,service_update,10.0.51 preview,2027-01-25,2027-01-25,,10.0.51,,,service_updates,https://learn.microsoft.com/en-us/dynamics365/fin-ops-core/dev-itpro/get-started/public-preview-releases#targeted-release-schedule-dates-subject-to-change,[]
change_cutoff:10.0.49-PQU-9,change_cutoff,train,10.0.49 PQU-9 change cutoff,2027-01-27,2027-01-27,10.0.49-PQU-9,10.0.49,,Not Started,schedule,https://learn.microsoft.com/en-us/dynamics365/fin-ops-core/dev-itpro/get-started/quality-updates-schedule#high-level-pqu-train-schedule,[]
train_window:10.0.49-PQU-9,train_window,train,10.0.49 PQU-9 train,2027-01-27,2027-02-20,10.0.49-PQU-9,10.0.49,,Not Started,schedule,https://learn.microsoft.com/en-us/dynamics365/fin-ops-core/dev-itpro/get-started/quality-updates-schedule#high-level-pqu-train-schedule,[]
autoupdate_first:10.0.50,autoupdate_first,service_update,10.0.50 first autoupdate (production),2027-01-31,2027-01-31,,10.0.50,,,service_updates,https://learn.microsoft.com/en-us/dynamics365/fin-ops-core/dev-itpro/get-started/public-preview-releases#targeted-release-schedule-dates-subject-to-change,[]
change_cutoff:10.0.48-PQU-16,change_cutoff,train,10.0.48 PQU-16 change cutoff,2027-02-03,2027-02-03,10.0.48-PQU-16,10.0.48,,Not Started,schedule,https://learn.microsoft.com/en-us/dynamics365/fin-ops-core/dev-itpro/get-started/quality-updates-schedule#high-level-pqu-train-schedule,[]
train_window:10.0.48-PQU-16,train_window,train,10.0.48 PQU-16 train,2027-02-03,2027-02-27,10.0.48-PQU-16,10.0.48,,Not Started,schedule,https://learn.microsoft.com/en-us/dynamics365/fin-ops-core/dev-itpro/get-started/quality-updates-schedule#high-level-pqu-train-schedule,[]
change_cutoff:10.0.49-PQU-10,change_cutoff,train,10.0.49 PQU-10 change cutoff,2027-02-10,2027-02-10,10.0.49-PQU-10,10.0.49,,Not Started,schedule,https://learn.microsoft.com/en-us/dynamics365/fin-ops-core/dev-itpro/get-started/quality-updates-schedule#high-level-pqu-train-schedule,[]
train_window:10.0.49-PQU-10,train_window,train,10.0.49 PQU-10 train,2027-02-10,2027-03-06,10.0.49-PQU-10,10.0.49,,Not Started,schedule,https://learn.microsoft.com/en-us/dynamics365/fin-ops-core/dev-itpro/get-started/quality-updates-schedule#high-level-pqu-train-schedule,[]
preview_latest_update:10.0.51,preview_latest_update,service_update,10.0.51 latest preview update,2027-02-15,2027-02-15,,10.0.51,,,service_updates,https://learn.microsoft.com/en-us/dynamics365/fin-ops-core/dev-itpro/get-started/public-preview-releases#targeted-release-schedule-dates-subject-to-change,[]
end_of_service:10.0.48,end_of_service,service_update,10.0.48 end of service,2027-02-16,2027-02-16,,10.0.48,,,service_updates,https://learn.microsoft.com/en-us/dynamics365/fin-ops-core/dev-itpro/get-started/public-preview-releases#targeted-release-schedule-dates-subject-to-change,[]
change_cutoff:10.0.48-PQU-17,change_cutoff,train,10.0.48 PQU-17 change cutoff,2027-02-24,2027-02-24,10.0.48-PQU-17,10.0.48,,Not Started,schedule,https://learn.microsoft.com/en-us/dynamics365/fin-ops-core/dev-itpro/get-started/quality-updates-schedule#high-level-pqu-train-schedule,[]
change_cutoff:10.0.49-PQU-11,change_cutoff,train,10.0.49 PQU-11 change cutoff,2027-02-24,2027-02-24,10.0.49-PQU-11,10.0.49,,Not Started,schedule,https://learn.microsoft.com/en-us/dynamics365/fin-ops-core/dev-itpro/get-started/quality-updates-schedule#high-level-pqu-train-schedule,[]
train_window:10.0.48-PQU-17,train_window,train,10.0.48 PQU-17 train,2027-02-24,2027-03-20,10.0.48-PQU-17,10.0.48,,Not Started,schedule,https://learn.microsoft.com/en-us/dynamics365/fin-ops-core/dev-itpro/get-started/quality-updates-schedule#high-level-pqu-train-schedule,[]
train_window:10.0.49-PQU-11,train_window,train,10.0.49 PQU-11 train,2027-02-24,2027-03-20,10.0.49-PQU-11,10.0.49,,Not Started,schedule,https://learn.microsoft.com/en-us/dynamics365/fin-ops-core/dev-itpro/get-started/quality-updates-schedule#high-level-pqu-train-schedule,[]
autoupdate_second:10.0.50,autoupdate_second,service_update,10.0.50 second autoupdate (production),2027-02-28,2027-02-28,,10.0.50,,,service_updates,https://learn.microsoft.com/en-us/dynamics365/fin-ops-core/dev-itpro/get-started/public-preview-releases#targeted-release-schedule-dates-subject-to-change,[]
change_cutoff:10.0.49-PQU-12,change_cutoff,train,10.0.49 PQU-12 change cutoff,2027-03-10,2027-03-10,10.0.49-PQU-12,10.0.49,,Not Started,schedule,https://learn.microsoft.com/en-us/dynamics365/fin-ops-core/dev-itpro/get-started/quality-updates-schedule#high-level-pqu-train-schedule,[]
train_window:10.0.49-PQU-12,train_window,train,10.0.49 PQU-12 train,2027-03-10,2027-04-03,10.0.49-PQU-12,10.0.49,,Not Started,schedule,https://learn.microsoft.com/en-us/dynamics365/fin-ops-core/dev-itpro/get-started/quality-updates-schedule#high-level-pqu-train-schedule,[]
general_availability:10.0.51,general_availability,service_update,10.0.51 general availability,2027-03-12,2027-03-12,,10.0.51,,,service_updates,https://learn.microsoft.com/en-us/dynamics365/fin-ops-core/dev-itpro/get-started/public-preview-releases#targeted-release-schedule-dates-subject-to-change,[]
change_cutoff:10.0.49-PQU-13,change_cutoff,train,10.0.49 PQU-13 change cutoff,2027-03-24,2027-03-24,10.0.49-PQU-13,10.0.49,,Not Started,schedule,https://learn.microsoft.com/en-us/dynamics365/fin-ops-core/dev-itpro/get-started/quality-updates-schedule#high-level-pqu-train-schedule,[]
train_window:10.0.49-PQU-13,train_window,train,10.0.49 PQU-13 train,2027-03-24,2027-04-17,10.0.49-PQU-13,10.0.49,,Not Started,schedule,https://learn.microsoft.com/en-us/dynamics365/fin-ops-core/dev-itpro/get-started/quality-updates-schedule#high-level-pqu-train-schedule,[]
autoupdate_first:10.0.51,autoupdate_first,service_update,10.0.51 first autoupdate (production),2027-04-02,2027-04-02,,10.0.51,,,service_updates,https://learn.microsoft.com/en-us/dynamics365/fin-ops-core/dev-itpro/get-started/public-preview-releases#targeted-release-schedule-dates-subject-to-change,[]
change_cutoff:10.0.49-PQU-14,change_cutoff,train,10.0.49 PQU-14 change cutoff,2027-04-07,2027-04-07,10.0.49-PQU-14,10.0.49,,Not Started,schedule,https://learn.microsoft.com/en-us/dynamics365/fin-ops-core/dev-itpro/get-started/quality-updates-schedule#high-level-pqu-train-schedule,[]
train_window:10.0.49-PQU-14,train_window,train,10.0.49 PQU-14 train,2027-04-07,2027-05-01,10.0.49-PQU-14,10.0.49,,Not Started,schedule,https://learn.microsoft.com/en-us/dynamics365/fin-ops-core/dev-itpro/get-started/quality-updates-schedule#high-level-pqu-train-schedule,[]
change_cutoff:10.0.49-PQU-15,change_cutoff,train,10.0.49 PQU-15 change cutoff,2027-04-21,2027-04-21,10.0.49-PQU-15,10.0.49,,Not Started,schedule,https://learn.microsoft.com/en-us/dynamics365/fin-ops-core/dev-itpro/get-started/quality-updates-schedule#high-level-pqu-train-schedule,[]
train_window:10.0.49-PQU-15,train_window,train,10.0.49 PQU-15 train,2027-04-21,2027-05-15,10.0.49-PQU-15,10.0.49,,Not Started,schedule,https://learn.microsoft.com/en-us/dynamics365/fin-ops-core/dev-itpro/get-started/quality-updates-schedule#high-level-pqu-train-schedule,[]
autoupdate_second:10.0.51,autoupdate_second,service_update,10.0.51 second autoupdate (production),2027-04-30,2027-04-30,,10.0.51,,,service_updates,https://learn.microsoft.com/en-us/dynamics365/fin-ops-core/dev-itpro/get-started/public-preview-releases#targeted-release-schedule-dates-subject-to-change,[]
change_cutoff:10.0.49-PQU-16,change_cutoff,train,10.0.49 PQU-16 change cutoff,2027-05-05,2027-05-05,10.0.49-PQU-16,10.0.49,,Not Started,schedule,https://learn.microsoft.com/en-us/dynamics365/fin-ops-core/dev-itpro/get-started/quality-updates-schedule#high-level-pqu-train-schedule,[]
train_window:10.0.49-PQU-16,train_window,train,10.0.49 PQU-16 train,2027-05-05,2027-05-29,10.0.49-PQU-16,10.0.49,,Not Started,schedule,https://learn.microsoft.com/en-us/dynamics365/fin-ops-core/dev-itpro/get-started/quality-updates-schedule#high-level-pqu-train-schedule,[]
end_of_service:10.0.49,end_of_service,service_update,10.0.49 end of service,2027-05-21,2027-05-21,,10.0.49,,,service_updates,https://learn.microsoft.com/en-us/dynamics365/fin-ops-core/dev-itpro/get-started/public-preview-releases#targeted-release-schedule-dates-subject-to-change,[]
change_cutoff:10.0.49-PQU-17,change_cutoff,train,10.0.49 PQU-17 change cutoff,2027-05-26,2027-05-26,10.0.49-PQU-17,10.0.49,,Not Started,schedule,https://learn.microsoft.com/en-us/dynamics365/fin-ops-core/dev-itpro/get-started/quality-updates-schedule#high-level-pqu-train-schedule,[]
train_window:10.0.49-PQU-17,train_window,train,10.0.49 PQU-17 train,2027-05-26,2027-06-19,10.0.49-PQU-17,10.0.49,,Not Started,schedule,https://learn.microsoft.com/en-us/dynamics365/fin-ops-core/dev-itpro/get-started/quality-updates-schedule#high-level-pqu-train-schedule,[]
end_of_service:10.0.50,end_of_service,service_update,10.0.50 end of service,2027-08-20,2027-08-20,,10.0.50,,,service_updates,https://learn.microsoft.com/en-us/dynamics365/fin-ops-core/dev-itpro/get-started/public-preview-releases#targeted-release-schedule-dates-subject-to-change,[]
end_of_service:10.0.51,end_of_service,service_update,10.0.51 end of service,2027-11-19,2027-11-19,,10.0.51,,,service_updates,https://learn.microsoft.com/en-us/dynamics365/fin-ops-core/dev-itpro/get-started/public-preview-releases#targeted-release-schedule-dates-subject-to-change,[]
