id,metric,group,label,value,unit,statistic,sample_size,min,max,summary,breakdown,excluded
train-cadence:10.0.46,train-cadence,10.0.46,10.0.46,28,days,median,6,28,35,"10.0.46: a new train starts every 28 days, or 4 weeks (median of 6 intervals; range 28–35 days).",,"[{""item"":""10.0.46-PQU-1"",""reason"":""Source warning: Change cutoff 2026-02-04 and train start 2025-02-09 are in different years""}]"
train-cadence:10.0.47,train-cadence,10.0.47,10.0.47,14,days,median,16,14,21,"10.0.47: a new train starts every 14 days, or 2 weeks (median of 16 intervals; range 14–21 days).",,[]
train-cadence:10.0.48,train-cadence,10.0.48,10.0.48,14,days,median,16,14,21,"10.0.48: a new train starts every 14 days, or 2 weeks (median of 16 intervals; range 14–21 days).",,[]
train-cadence:10.0.49,train-cadence,10.0.49,10.0.49,14,days,median,16,14,21,"10.0.49: a new train starts every 14 days, or 2 weeks (median of 16 intervals; range 14–21 days).",,[]
cutoff-to-start:10.0.46,cutoff-to-start,10.0.46,10.0.46,5,days,median,7,5,10,10.0.46: the change cutoff is 5 days before the train starts (median of 7 trains; range 5–10 days).,,"[{""item"":""10.0.46-PQU-1"",""reason"":""Source warning: Change cutoff 2026-02-04 and train start 2025-02-09 are in different years""}]"
cutoff-to-start:10.0.47,cutoff-to-start,10.0.47,10.0.47,0,days,median,17,0,0,10.0.47: the change cutoff falls on the train's start date (median of 17 trains).,,[]
cutoff-to-start:10.0.48,cutoff-to-start,10.0.48,10.0.48,0,days,median,17,0,0,10.0.48: the change cutoff falls on the train's start date (median of 17 trains).,,[]
cutoff-to-start:10.0.49,cutoff-to-start,10.0.49,10.0.49,0,days,median,17,0,0,10.0.49: the change cutoff falls on the train's start date (median of 17 trains).,,[]
train-length:10.0.46,train-length,10.0.46,10.0.46,34,days,median,7,34,35,"10.0.46: a train spans 34 days from its start date to its end date, both included (median of 7 trains; range 34–35 days).",,"[{""item"":""10.0.46-PQU-1"",""reason"":""Source warning: Change cutoff 2026-02-04 and train start 2025-02-09 are in different years""}]"
train-length:10.0.47,train-length,10.0.47,10.0.47,25,days,median,17,25,25,"10.0.47: a train spans 25 days from its start date to its end date, both included (median of 17 trains).",,[]
train-length:10.0.48,train-length,10.0.48,10.0.48,25,days,median,17,25,25,"10.0.48: a train spans 25 days from its start date to its end date, both included (median of 17 trains).",,[]
train-length:10.0.49,train-length,10.0.49,10.0.49,25,days,median,17,25,25,"10.0.49: a train spans 25 days from its start date to its end date, both included (median of 17 trains).",,[]
trains-by-status:10.0.46,trains-by-status,10.0.46,10.0.46,8,trains,count,8,,,10.0.46: 8 trains: 8 Completed.,"{""Completed"":8}",[]
trains-by-status:10.0.47,trains-by-status,10.0.47,10.0.47,17,trains,count,17,,,"10.0.47: 17 trains: 2 In-Progress, 3 Not Started, 11 Completed, 1 Canceled.","{""Canceled"":1,""Completed"":11,""In-Progress"":2,""Not Started"":3}",[]
trains-by-status:10.0.48,trains-by-status,10.0.48,10.0.48,17,trains,count,17,,,"10.0.48: 17 trains: 2 In-Progress, 10 Not Started, 5 Completed.","{""Completed"":5,""In-Progress"":2,""Not Started"":10}",[]
trains-by-status:10.0.49,trains-by-status,10.0.49,10.0.49,17,trains,count,17,,,"10.0.49: 17 trains: 1 In-Progress, 16 Not Started.","{""In-Progress"":1,""Not Started"":16}",[]
station-offset:station-2,station-offset,station-2,Station 2,5,days,median,5,5,5,Station 2: sandbox updates start 5 days after Station 1 (median of 5 trains).,,[]
station-offset:station-3,station-offset,station-3,Station 3,5,days,median,5,5,5,Station 3: sandbox updates start 5 days after Station 1 (median of 5 trains).,,[]
station-offset:station-4,station-offset,station-4,Station 4,12,days,median,5,12,12,Station 4: sandbox updates start 12 days after Station 1 (median of 5 trains).,,[]
station-offset:station-5,station-offset,station-5,Station 5,19,days,median,5,19,19,Station 5: sandbox updates start 19 days after Station 1 (median of 5 trains).,,[]
station-offset:station-6,station-offset,station-6,Station 6,19,days,median,5,19,19,Station 6: sandbox updates start 19 days after Station 1 (median of 5 trains).,,[]
sandbox-to-production:station-2,sandbox-to-production,station-2,Station 2,5,days,median,5,5,5,Station 2: production updates start 5 days after sandbox updates (median of 5 trains).,,[]
sandbox-to-production:station-3,sandbox-to-production,station-3,Station 3,5,days,median,5,5,5,Station 3: production updates start 5 days after sandbox updates (median of 5 trains).,,[]
sandbox-to-production:station-4,sandbox-to-production,station-4,Station 4,5,days,median,5,5,5,Station 4: production updates start 5 days after sandbox updates (median of 5 trains).,,[]
sandbox-to-production:station-5,sandbox-to-production,station-5,Station 5,5,days,median,5,5,5,Station 5: production updates start 5 days after sandbox updates (median of 5 trains).,,[]
sandbox-to-production:station-6,sandbox-to-production,station-6,Station 6,5,days,median,5,5,5,Station 6: production updates start 5 days after sandbox updates (median of 5 trains).,,[]
sandbox-to-production:all,sandbox-to-production,all,All stations,5,days,median,25,5,5,Production updates start a median of 5 days after sandbox updates (25 station windows).,,[]
regions-per-station:station-2,regions-per-station,station-2,Station 2,6,regions,count,6,,,Station 2: 6 Azure regions.,,[]
regions-per-station:station-3,regions-per-station,station-3,Station 3,11,regions,count,11,,,Station 3: 11 Azure regions.,,[]
regions-per-station:station-4,regions-per-station,station-4,Station 4,7,regions,count,7,,,Station 4: 7 Azure regions.,,[]
regions-per-station:station-5,regions-per-station,station-5,Station 5,3,regions,count,3,,,Station 5: 3 Azure regions.,,[]
regions-per-station:station-6,regions-per-station,station-6,Station 6,3,regions,count,3,,,Station 6: 3 Azure regions.,,[]
service-update-interval:all,service-update-interval,all,All service updates,91,days,median,8,77,105,"A new service update becomes generally available every 91 days, or 13 weeks (median of 8 intervals; range 77–105 days).","{""10.0.45 to 10.0.46"":105,""10.0.46 to 10.0.47"":77,""10.0.47 to 10.0.48"":84,""10.0.48 to 10.0.49"":98,""10.0.49 to 10.0.50"":102,""10.0.50 to 10.0.51"":80,""10.0.51 to 10.0.52"":84,""10.0.52 to 10.0.53"":98}",[]
preview-to-ga:all,preview-to-ga,all,All service updates,46,days,median,9,42,63,General availability comes 46 days after preview availability (median of 9 service updates; range 42–63 days).,"{""10.0.45"":46,""10.0.46"":63,""10.0.47"":46,""10.0.48"":42,""10.0.49"":46,""10.0.50"":60,""10.0.51"":46,""10.0.52"":42,""10.0.53"":46}",[]
ga-to-first-autoupdate:all,ga-to-first-autoupdate,all,All service updates,21,days,median,9,21,40,"The first production autoupdate comes 21 days, or 3 weeks, after general availability (median of 9 service updates; range 21–40 days).","{""10.0.45"":21,""10.0.46"":37,""10.0.47"":21,""10.0.48"":28,""10.0.49"":21,""10.0.50"":40,""10.0.51"":21,""10.0.52"":28,""10.0.53"":21}",[]
first-to-second-autoupdate:all,first-to-second-autoupdate,all,All service updates,28,days,median,9,18,28,"The second autoupdate window comes 28 days, or 4 weeks, after the first (median of 9 service updates; range 18–28 days).","{""10.0.45"":28,""10.0.46"":28,""10.0.47"":28,""10.0.48"":28,""10.0.49"":28,""10.0.50"":28,""10.0.51"":28,""10.0.52"":18,""10.0.53"":28}",[]
ga-to-end-of-service:all,ga-to-end-of-service,all,All service updates,252,days,median,9,238,256,"End of service comes 252 days, or 36 weeks, after general availability (median of 9 service updates; range 238–256 days).","{""10.0.45"":252,""10.0.46"":238,""10.0.47"":252,""10.0.48"":256,""10.0.49"":252,""10.0.50"":241,""10.0.51"":252,""10.0.52"":256,""10.0.53"":253}",[]
