pqu_id,application_version,pqu_train,release_number,status,application_build,platform_build,uep_version,change_cutoff_date,train_start_date,train_end_date
10.0.46-PQU-1,10.0.46,PQU-1,1,Completed,10.0.2428.95,7.0.7778.45,,2026-02-04,2025-02-09,2026-03-14
10.0.46-PQU-2,10.0.46,PQU-2,2,Completed,10.0.2428.114,7.0.7778.56,,2026-03-04,2026-03-09,2026-04-11
10.0.46-PQU-3,10.0.46,PQU-3,3,Completed,10.0.2428.139,7.0.7778.76,,2026-04-01,2026-04-06,2026-05-09
10.0.46-PQU-4,10.0.46,PQU-4,4,Completed,10.0.2428.169,7.0.7778.104,,2026-04-29,2026-05-04,2026-06-06
10.0.46-PQU-5,10.0.46,PQU-5,5,Completed,10.0.2428.188,7.0.7778.118,,2026-05-27,2026-06-01,2026-07-05
10.0.46-PQU-6,10.0.46,PQU-6,6,Completed,10.0.2428.205,7.0.7778.137,,2026-06-24,2026-06-29,2026-08-01
10.0.46-PQU-7,10.0.46,PQU-7,7,Completed,10.0.2428.220,7.0.7778.145,,2026-07-22,2026-07-27,2026-08-29
10.0.46-PQU-8,10.0.46,PQU-8,8,In-Progress,10.0.2428.236,7.0.7778.149,10.0.46.10,2026-08-21,2026-08-31,2026-10-03
10.0.47-PQU-1,10.0.47,PQU-1,1,Completed,10.0.2527.78,7.0.7858.54,,2026-04-08,2026-04-08,2026-05-02
10.0.47-PQU-2,10.0.47,PQU-2,2,Canceled,,,,2026-04-22,2026-04-22,2026-05-16
10.0.47-PQU-3,10.0.47,PQU-3,3,Completed,10.0.2527.109,7.0.7858.96,,2026-05-06,2026-05-06,2026-05-30
10.0.47-PQU-4,10.0.47,PQU-4,4,Completed,10.0.2527.116,7.0.7858.102,,2026-05-20,2026-05-20,2026-06-13
10.0.47-PQU-5,10.0.47,PQU-5,5,Completed,10.0.2527.130,7.0.7858.111,,2026-06-03,2026-06-03,2026-06-27
10.0.47-PQU-6,10.0.47,PQU-6,6,Completed,10.0.2527.142,7.0.7858.121,,2026-06-17,2026-06-17,2026-07-11
10.0.47-PQU-7,10.0.47,PQU-7,7,Completed,10.0.2527.152,7.0.7858.132,,2026-07-01,2026-07-01,2026-07-25
10.0.47-PQU-8,10.0.47,PQU-8,8,Completed,10.0.2527.160,7.0.7858.134,,2026-07-15,2026-07-15,2026-08-08
10.0.47-PQU-9,10.0.47,PQU-9,9,Completed,10.0.2527.174,7.0.7858.145,,2026-07-29,2026-07-29,2026-08-22
10.0.47-PQU-10,10.0.47,PQU-10,10,Completed,10.0.2527.187,7.0.7858.152,,2026-08-12,2026-08-12,2026-09-05
10.0.47-PQU-11,10.0.47,PQU-11,11,Completed,10.0.2527.197,7.0.7858.163,,2026-08-26,2026-08-26,2026-09-19
10.0.47-PQU-12,10.0.47,PQU-12,12,In-Progress,10.0.2527.208,7.0.7858.166,10.0.47.13,2026-09-09,2026-09-09,2026-10-03
10.0.47-PQU-13,10.0.47,PQU-13,13,In-Progress,10.0.2527.215,7.0.7858.174,10.0.47.14,2026-09-23,2026-09-23,2026-10-17
10.0.47-PQU-14,10.0.47,PQU-14,14,Not Started,,,,2026-10-07,2026-10-07,2026-10-31
10.0.47-PQU-15,10.0.47,PQU-15,15,Not Started,,,,2026-10-21,2026-10-21,2026-11-14
10.0.47-PQU-16,10.0.47,PQU-16,16,Not Started,,,,2026-11-04,2026-11-04,2026-11-28
10.0.47-PQU-17,10.0.47,PQU-17,17,Not Started,,,,2026-11-25,2026-11-25,2026-12-19
10.0.48-PQU-1,10.0.48,PQU-1,1,Completed,10.0.2645.81,7.0.7996.74,,2026-07-08,2026-07-08,2026-08-01
10.0.48-PQU-2,10.0.48,PQU-2,2,Completed,10.0.2645.90,7.0.7996.81,,2026-07-22,2026-07-22,2026-08-15
10.0.48-PQU-3,10.0.48,PQU-3,3,Completed,10.0.2645.99,7.0.7996.88,,2026-08-05,2026-08-05,2026-08-29
10.0.48-PQU-4,10.0.48,PQU-4,4,Completed,10.0.2645.111,7.0.7996.102,,2026-08-19,2026-08-19,2026-09-12
10.0.48-PQU-5,10.0.48,PQU-5,5,In-Progress,10.0.2645.124,7.0.7996.111,10.0.48.6,2026-09-02,2026-09-02,2026-09-26
10.0.48-PQU-6,10.0.48,PQU-6,6,In-Progress,10.0.2645.136,7.0.7996.119,10.0.48.7,2026-09-16,2026-09-16,2026-10-10
10.0.48-PQU-7,10.0.48,PQU-7,7,Not Started,,,,2026-09-30,2026-09-30,2026-10-24
10.0.48-PQU-8,10.0.48,PQU-8,8,Not Started,,,,2026-10-14,2026-10-14,2026-11-07
10.0.48-PQU-9,10.0.48,PQU-9,9,Not Started,,,,2026-10-28,2026-10-28,2026-11-21
10.0.48-PQU-10,10.0.48,PQU-10,10,Not Started,,,,2026-11-11,2026-11-11,2026-12-05
10.0.48-PQU-11,10.0.48,PQU-11,11,Not Started,,,,2026-11-25,2026-11-25,2026-12-19
10.0.48-PQU-12,10.0.48,PQU-12,12,Not Started,,,,2026-12-09,2026-12-09,2027-01-02
10.0.48-PQU-13,10.0.48,PQU-13,13,Not Started,,,,2026-12-23,2026-12-23,2027-01-16
10.0.48-PQU-14,10.0.48,PQU-14,14,Not Started,,,,2027-01-06,2027-01-06,2027-01-30
10.0.48-PQU-15,10.0.48,PQU-15,15,Not Started,,,,2027-01-20,2027-01-20,2027-02-13
10.0.48-PQU-16,10.0.48,PQU-16,16,Not Started,,,,2027-02-03,2027-02-03,2027-02-27
10.0.48-PQU-17,10.0.48,PQU-17,17,Not Started,,,,2027-02-24,2027-02-24,2027-03-20
10.0.49-PQU-1,10.0.49,PQU-1,1,Not Started,,,,2026-10-07,2026-10-07,2026-10-31
10.0.49-PQU-2,10.0.49,PQU-2,2,Not Started,,,,2026-10-21,2026-10-21,2026-11-14
10.0.49-PQU-3,10.0.49,PQU-3,3,Not Started,,,,2026-11-04,2026-11-04,2026-11-28
10.0.49-PQU-4,10.0.49,PQU-4,4,Not Started,,,,2026-11-18,2026-11-18,2026-12-12
10.0.49-PQU-5,10.0.49,PQU-5,5,Not Started,,,,2026-12-02,2026-12-02,2026-12-26
10.0.49-PQU-6,10.0.49,PQU-6,6,Not Started,,,,2026-12-16,2026-12-16,2027-01-09
10.0.49-PQU-7,10.0.49,PQU-7,7,Not Started,,,,2026-12-30,2026-12-30,2027-01-23
10.0.49-PQU-8,10.0.49,PQU-8,8,Not Started,,,,2027-01-13,2027-01-13,2027-02-06
10.0.49-PQU-9,10.0.49,PQU-9,9,Not Started,,,,2027-01-27,2027-01-27,2027-02-20
10.0.49-PQU-10,10.0.49,PQU-10,10,Not Started,,,,2027-02-10,2027-02-10,2027-03-06
10.0.49-PQU-11,10.0.49,PQU-11,11,Not Started,,,,2027-02-24,2027-02-24,2027-03-20
10.0.49-PQU-12,10.0.49,PQU-12,12,Not Started,,,,2027-03-10,2027-03-10,2027-04-03
10.0.49-PQU-13,10.0.49,PQU-13,13,Not Started,,,,2027-03-24,2027-03-24,2027-04-17
10.0.49-PQU-14,10.0.49,PQU-14,14,Not Started,,,,2027-04-07,2027-04-07,2027-05-01
10.0.49-PQU-15,10.0.49,PQU-15,15,Not Started,,,,2027-04-21,2027-04-21,2027-05-15
10.0.49-PQU-16,10.0.49,PQU-16,16,Not Started,,,,2027-05-05,2027-05-05,2027-05-29
10.0.49-PQU-17,10.0.49,PQU-17,17,Not Started,,,,2027-05-26,2027-05-26,2027-06-19
