pqu_id,application_version,pqu_train,release_number,station,station_label,sandbox_start_date,sandbox_end_date,production_start_date,production_end_date,source_commit,source_url,source_raw_url
10.0.47-PQU-13,10.0.47,PQU-13,13,1,Station 1,2026-09-23,2026-09-26,,,aee43141bb5f24e63c1e63805dcd9e1c5452c334,https://learn.microsoft.com/en-us/dynamics365/fin-ops-core/dev-itpro/get-started/quality-updates-schedule,https://raw.githubusercontent.com/MicrosoftDocs/dynamics-365-unified-operations-public/aee43141bb5f24e63c1e63805dcd9e1c5452c334/articles/fin-ops-core/dev-itpro/get-started/quality-updates-schedule.md
10.0.47-PQU-13,10.0.47,PQU-13,13,2,Station 2,2026-09-28,2026-10-01,2026-10-03,2026-10-04,aee43141bb5f24e63c1e63805dcd9e1c5452c334,https://learn.microsoft.com/en-us/dynamics365/fin-ops-core/dev-itpro/get-started/quality-updates-schedule,https://raw.githubusercontent.com/MicrosoftDocs/dynamics-365-unified-operations-public/aee43141bb5f24e63c1e63805dcd9e1c5452c334/articles/fin-ops-core/dev-itpro/get-started/quality-updates-schedule.md
10.0.47-PQU-13,10.0.47,PQU-13,13,3,Station 3,2026-09-28,2026-10-01,2026-10-03,2026-10-04,aee43141bb5f24e63c1e63805dcd9e1c5452c334,https://learn.microsoft.com/en-us/dynamics365/fin-ops-core/dev-itpro/get-started/quality-updates-schedule,https://raw.githubusercontent.com/MicrosoftDocs/dynamics-365-unified-operations-public/aee43141bb5f24e63c1e63805dcd9e1c5452c334/articles/fin-ops-core/dev-itpro/get-started/quality-updates-schedule.md
10.0.47-PQU-13,10.0.47,PQU-13,13,4,Station 4,2026-10-05,2026-10-08,2026-10-10,2026-10-11,aee43141bb5f24e63c1e63805dcd9e1c5452c334,https://learn.microsoft.com/en-us/dynamics365/fin-ops-core/dev-itpro/get-started/quality-updates-schedule,https://raw.githubusercontent.com/MicrosoftDocs/dynamics-365-unified-operations-public/aee43141bb5f24e63c1e63805dcd9e1c5452c334/articles/fin-ops-core/dev-itpro/get-started/quality-updates-schedule.md
10.0.47-PQU-13,10.0.47,PQU-13,13,5,Station 5,2026-10-12,2026-10-15,2026-10-17,2026-10-18,aee43141bb5f24e63c1e63805dcd9e1c5452c334,https://learn.microsoft.com/en-us/dynamics365/fin-ops-core/dev-itpro/get-started/quality-updates-schedule,https://raw.githubusercontent.com/MicrosoftDocs/dynamics-365-unified-operations-public/aee43141bb5f24e63c1e63805dcd9e1c5452c334/articles/fin-ops-core/dev-itpro/get-started/quality-updates-schedule.md
10.0.47-PQU-13,10.0.47,PQU-13,13,6,Station 6,2026-10-12,2026-10-15,2026-10-17,2026-10-18,aee43141bb5f24e63c1e63805dcd9e1c5452c334,https://learn.microsoft.com/en-us/dynamics365/fin-ops-core/dev-itpro/get-started/quality-updates-schedule,https://raw.githubusercontent.com/MicrosoftDocs/dynamics-365-unified-operations-public/aee43141bb5f24e63c1e63805dcd9e1c5452c334/articles/fin-ops-core/dev-itpro/get-started/quality-updates-schedule.md
10.0.47-PQU-14,10.0.47,PQU-14,14,1,Station 1,2026-10-07,2026-10-10,,,aee43141bb5f24e63c1e63805dcd9e1c5452c334,https://learn.microsoft.com/en-us/dynamics365/fin-ops-core/dev-itpro/get-started/quality-updates-schedule,https://raw.githubusercontent.com/MicrosoftDocs/dynamics-365-unified-operations-public/aee43141bb5f24e63c1e63805dcd9e1c5452c334/articles/fin-ops-core/dev-itpro/get-started/quality-updates-schedule.md
10.0.47-PQU-14,10.0.47,PQU-14,14,2,Station 2,2026-10-12,2026-10-15,2026-10-17,2026-10-18,aee43141bb5f24e63c1e63805dcd9e1c5452c334,https://learn.microsoft.com/en-us/dynamics365/fin-ops-core/dev-itpro/get-started/quality-updates-schedule,https://raw.githubusercontent.com/MicrosoftDocs/dynamics-365-unified-operations-public/aee43141bb5f24e63c1e63805dcd9e1c5452c334/articles/fin-ops-core/dev-itpro/get-started/quality-updates-schedule.md
10.0.47-PQU-14,10.0.47,PQU-14,14,3,Station 3,2026-10-12,2026-10-15,2026-10-17,2026-10-18,aee43141bb5f24e63c1e63805dcd9e1c5452c334,https://learn.microsoft.com/en-us/dynamics365/fin-ops-core/dev-itpro/get-started/quality-updates-schedule,https://raw.githubusercontent.com/MicrosoftDocs/dynamics-365-unified-operations-public/aee43141bb5f24e63c1e63805dcd9e1c5452c334/articles/fin-ops-core/dev-itpro/get-started/quality-updates-schedule.md
10.0.47-PQU-14,10.0.47,PQU-14,14,4,Station 4,2026-10-19,2026-10-22,2026-10-24,2026-10-25,aee43141bb5f24e63c1e63805dcd9e1c5452c334,https://learn.microsoft.com/en-us/dynamics365/fin-ops-core/dev-itpro/get-started/quality-updates-schedule,https://raw.githubusercontent.com/MicrosoftDocs/dynamics-365-unified-operations-public/aee43141bb5f24e63c1e63805dcd9e1c5452c334/articles/fin-ops-core/dev-itpro/get-started/quality-updates-schedule.md
10.0.47-PQU-14,10.0.47,PQU-14,14,5,Station 5,2026-10-26,2026-10-29,2026-10-31,2026-11-01,aee43141bb5f24e63c1e63805dcd9e1c5452c334,https://learn.microsoft.com/en-us/dynamics365/fin-ops-core/dev-itpro/get-started/quality-updates-schedule,https://raw.githubusercontent.com/MicrosoftDocs/dynamics-365-unified-operations-public/aee43141bb5f24e63c1e63805dcd9e1c5452c334/articles/fin-ops-core/dev-itpro/get-started/quality-updates-schedule.md
10.0.47-PQU-14,10.0.47,PQU-14,14,6,Station 6,2026-10-26,2026-10-29,2026-10-31,2026-11-01,aee43141bb5f24e63c1e63805dcd9e1c5452c334,https://learn.microsoft.com/en-us/dynamics365/fin-ops-core/dev-itpro/get-started/quality-updates-schedule,https://raw.githubusercontent.com/MicrosoftDocs/dynamics-365-unified-operations-public/aee43141bb5f24e63c1e63805dcd9e1c5452c334/articles/fin-ops-core/dev-itpro/get-started/quality-updates-schedule.md
10.0.48-PQU-6,10.0.48,PQU-6,6,1,Station 1,2026-09-16,2026-09-19,,,aee43141bb5f24e63c1e63805dcd9e1c5452c334,https://learn.microsoft.com/en-us/dynamics365/fin-ops-core/dev-itpro/get-started/quality-updates-schedule,https://raw.githubusercontent.com/MicrosoftDocs/dynamics-365-unified-operations-public/aee43141bb5f24e63c1e63805dcd9e1c5452c334/articles/fin-ops-core/dev-itpro/get-started/quality-updates-schedule.md
10.0.48-PQU-6,10.0.48,PQU-6,6,2,Station 2,2026-09-21,2026-09-24,2026-09-26,2026-09-27,aee43141bb5f24e63c1e63805dcd9e1c5452c334,https://learn.microsoft.com/en-us/dynamics365/fin-ops-core/dev-itpro/get-started/quality-updates-schedule,https://raw.githubusercontent.com/MicrosoftDocs/dynamics-365-unified-operations-public/aee43141bb5f24e63c1e63805dcd9e1c5452c334/articles/fin-ops-core/dev-itpro/get-started/quality-updates-schedule.md
10.0.48-PQU-6,10.0.48,PQU-6,6,3,Station 3,2026-09-21,2026-09-24,2026-09-26,2026-09-27,aee43141bb5f24e63c1e63805dcd9e1c5452c334,https://learn.microsoft.com/en-us/dynamics365/fin-ops-core/dev-itpro/get-started/quality-updates-schedule,https://raw.githubusercontent.com/MicrosoftDocs/dynamics-365-unified-operations-public/aee43141bb5f24e63c1e63805dcd9e1c5452c334/articles/fin-ops-core/dev-itpro/get-started/quality-updates-schedule.md
10.0.48-PQU-6,10.0.48,PQU-6,6,4,Station 4,2026-09-28,2026-10-01,2026-10-03,2026-10-04,aee43141bb5f24e63c1e63805dcd9e1c5452c334,https://learn.microsoft.com/en-us/dynamics365/fin-ops-core/dev-itpro/get-started/quality-updates-schedule,https://raw.githubusercontent.com/MicrosoftDocs/dynamics-365-unified-operations-public/aee43141bb5f24e63c1e63805dcd9e1c5452c334/articles/fin-ops-core/dev-itpro/get-started/quality-updates-schedule.md
10.0.48-PQU-6,10.0.48,PQU-6,6,5,Station 5,2026-10-05,2026-10-08,2026-10-10,2026-10-11,aee43141bb5f24e63c1e63805dcd9e1c5452c334,https://learn.microsoft.com/en-us/dynamics365/fin-ops-core/dev-itpro/get-started/quality-updates-schedule,https://raw.githubusercontent.com/MicrosoftDocs/dynamics-365-unified-operations-public/aee43141bb5f24e63c1e63805dcd9e1c5452c334/articles/fin-ops-core/dev-itpro/get-started/quality-updates-schedule.md
10.0.48-PQU-6,10.0.48,PQU-6,6,6,Station 6,2026-10-05,2026-10-08,2026-10-10,2026-10-11,aee43141bb5f24e63c1e63805dcd9e1c5452c334,https://learn.microsoft.com/en-us/dynamics365/fin-ops-core/dev-itpro/get-started/quality-updates-schedule,https://raw.githubusercontent.com/MicrosoftDocs/dynamics-365-unified-operations-public/aee43141bb5f24e63c1e63805dcd9e1c5452c334/articles/fin-ops-core/dev-itpro/get-started/quality-updates-schedule.md
10.0.48-PQU-7,10.0.48,PQU-7,7,1,Station 1,2026-09-30,2026-10-03,,,aee43141bb5f24e63c1e63805dcd9e1c5452c334,https://learn.microsoft.com/en-us/dynamics365/fin-ops-core/dev-itpro/get-started/quality-updates-schedule,https://raw.githubusercontent.com/MicrosoftDocs/dynamics-365-unified-operations-public/aee43141bb5f24e63c1e63805dcd9e1c5452c334/articles/fin-ops-core/dev-itpro/get-started/quality-updates-schedule.md
10.0.48-PQU-7,10.0.48,PQU-7,7,2,Station 2,2026-10-05,2026-10-08,2026-10-10,2026-10-11,aee43141bb5f24e63c1e63805dcd9e1c5452c334,https://learn.microsoft.com/en-us/dynamics365/fin-ops-core/dev-itpro/get-started/quality-updates-schedule,https://raw.githubusercontent.com/MicrosoftDocs/dynamics-365-unified-operations-public/aee43141bb5f24e63c1e63805dcd9e1c5452c334/articles/fin-ops-core/dev-itpro/get-started/quality-updates-schedule.md
10.0.48-PQU-7,10.0.48,PQU-7,7,3,Station 3,2026-10-05,2026-10-08,2026-10-10,2026-10-11,aee43141bb5f24e63c1e63805dcd9e1c5452c334,https://learn.microsoft.com/en-us/dynamics365/fin-ops-core/dev-itpro/get-started/quality-updates-schedule,https://raw.githubusercontent.com/MicrosoftDocs/dynamics-365-unified-operations-public/aee43141bb5f24e63c1e63805dcd9e1c5452c334/articles/fin-ops-core/dev-itpro/get-started/quality-updates-schedule.md
10.0.48-PQU-7,10.0.48,PQU-7,7,4,Station 4,2026-10-12,2026-10-15,2026-10-17,2026-10-18,aee43141bb5f24e63c1e63805dcd9e1c5452c334,https://learn.microsoft.com/en-us/dynamics365/fin-ops-core/dev-itpro/get-started/quality-updates-schedule,https://raw.githubusercontent.com/MicrosoftDocs/dynamics-365-unified-operations-public/aee43141bb5f24e63c1e63805dcd9e1c5452c334/articles/fin-ops-core/dev-itpro/get-started/quality-updates-schedule.md
10.0.48-PQU-7,10.0.48,PQU-7,7,5,Station 5,2026-10-19,2026-10-22,2026-10-24,2026-10-25,aee43141bb5f24e63c1e63805dcd9e1c5452c334,https://learn.microsoft.com/en-us/dynamics365/fin-ops-core/dev-itpro/get-started/quality-updates-schedule,https://raw.githubusercontent.com/MicrosoftDocs/dynamics-365-unified-operations-public/aee43141bb5f24e63c1e63805dcd9e1c5452c334/articles/fin-ops-core/dev-itpro/get-started/quality-updates-schedule.md
10.0.48-PQU-7,10.0.48,PQU-7,7,6,Station 6,2026-10-19,2026-10-22,2026-10-24,2026-10-25,aee43141bb5f24e63c1e63805dcd9e1c5452c334,https://learn.microsoft.com/en-us/dynamics365/fin-ops-core/dev-itpro/get-started/quality-updates-schedule,https://raw.githubusercontent.com/MicrosoftDocs/dynamics-365-unified-operations-public/aee43141bb5f24e63c1e63805dcd9e1c5452c334/articles/fin-ops-core/dev-itpro/get-started/quality-updates-schedule.md
10.0.49-PQU-1,10.0.49,PQU-1,1,1,Station 1,2026-10-07,2026-10-10,,,aee43141bb5f24e63c1e63805dcd9e1c5452c334,https://learn.microsoft.com/en-us/dynamics365/fin-ops-core/dev-itpro/get-started/quality-updates-schedule,https://raw.githubusercontent.com/MicrosoftDocs/dynamics-365-unified-operations-public/aee43141bb5f24e63c1e63805dcd9e1c5452c334/articles/fin-ops-core/dev-itpro/get-started/quality-updates-schedule.md
10.0.49-PQU-1,10.0.49,PQU-1,1,2,Station 2,2026-10-12,2026-10-15,2026-10-17,2026-10-18,aee43141bb5f24e63c1e63805dcd9e1c5452c334,https://learn.microsoft.com/en-us/dynamics365/fin-ops-core/dev-itpro/get-started/quality-updates-schedule,https://raw.githubusercontent.com/MicrosoftDocs/dynamics-365-unified-operations-public/aee43141bb5f24e63c1e63805dcd9e1c5452c334/articles/fin-ops-core/dev-itpro/get-started/quality-updates-schedule.md
10.0.49-PQU-1,10.0.49,PQU-1,1,3,Station 3,2026-10-12,2026-10-15,2026-10-17,2026-10-18,aee43141bb5f24e63c1e63805dcd9e1c5452c334,https://learn.microsoft.com/en-us/dynamics365/fin-ops-core/dev-itpro/get-started/quality-updates-schedule,https://raw.githubusercontent.com/MicrosoftDocs/dynamics-365-unified-operations-public/aee43141bb5f24e63c1e63805dcd9e1c5452c334/articles/fin-ops-core/dev-itpro/get-started/quality-updates-schedule.md
10.0.49-PQU-1,10.0.49,PQU-1,1,4,Station 4,2026-10-19,2026-10-22,2026-10-24,2026-10-25,aee43141bb5f24e63c1e63805dcd9e1c5452c334,https://learn.microsoft.com/en-us/dynamics365/fin-ops-core/dev-itpro/get-started/quality-updates-schedule,https://raw.githubusercontent.com/MicrosoftDocs/dynamics-365-unified-operations-public/aee43141bb5f24e63c1e63805dcd9e1c5452c334/articles/fin-ops-core/dev-itpro/get-started/quality-updates-schedule.md
10.0.49-PQU-1,10.0.49,PQU-1,1,5,Station 5,2026-10-26,2026-10-29,2026-10-31,2026-11-01,aee43141bb5f24e63c1e63805dcd9e1c5452c334,https://learn.microsoft.com/en-us/dynamics365/fin-ops-core/dev-itpro/get-started/quality-updates-schedule,https://raw.githubusercontent.com/MicrosoftDocs/dynamics-365-unified-operations-public/aee43141bb5f24e63c1e63805dcd9e1c5452c334/articles/fin-ops-core/dev-itpro/get-started/quality-updates-schedule.md
10.0.49-PQU-1,10.0.49,PQU-1,1,6,Station 6,2026-10-26,2026-10-29,2026-10-31,2026-11-01,aee43141bb5f24e63c1e63805dcd9e1c5452c334,https://learn.microsoft.com/en-us/dynamics365/fin-ops-core/dev-itpro/get-started/quality-updates-schedule,https://raw.githubusercontent.com/MicrosoftDocs/dynamics-365-unified-operations-public/aee43141bb5f24e63c1e63805dcd9e1c5452c334/articles/fin-ops-core/dev-itpro/get-started/quality-updates-schedule.md
