version,release_label,is_major,preview_date,preview_latest_update_date,general_availability_date,first_autoupdate_date,second_autoupdate_date,end_of_service_date,source_commit,source_url
10.0.45,CY25Q4,true,2025-07-28,2025-08-08,2025-09-12,2025-10-03,2025-10-31,2026-05-22,c4987ba4b48273d8a2f2ea0e54f8769dbeb3b5a2,https://learn.microsoft.com/en-us/dynamics365/fin-ops-core/dev-itpro/get-started/public-preview-releases
10.0.46,CY26Q1,false,2025-10-24,2025-11-17,2025-12-26,2026-02-01,2026-03-01,2026-08-21,c4987ba4b48273d8a2f2ea0e54f8769dbeb3b5a2,https://learn.microsoft.com/en-us/dynamics365/fin-ops-core/dev-itpro/get-started/public-preview-releases
10.0.47,CY26Q2,true,2026-01-26,2026-02-16,2026-03-13,2026-04-03,2026-05-01,2026-11-20,c4987ba4b48273d8a2f2ea0e54f8769dbeb3b5a2,https://learn.microsoft.com/en-us/dynamics365/fin-ops-core/dev-itpro/get-started/public-preview-releases
10.0.48,CY26Q3,false,2026-04-24,2026-05-11,2026-06-05,2026-07-03,2026-07-31,2027-02-16,c4987ba4b48273d8a2f2ea0e54f8769dbeb3b5a2,https://learn.microsoft.com/en-us/dynamics365/fin-ops-core/dev-itpro/get-started/public-preview-releases
10.0.49,CY26Q4,true,2026-07-27,2026-08-17,2026-09-11,2026-10-02,2026-10-30,2027-05-21,c4987ba4b48273d8a2f2ea0e54f8769dbeb3b5a2,https://learn.microsoft.com/en-us/dynamics365/fin-ops-core/dev-itpro/get-started/public-preview-releases
10.0.50,CY27Q1,false,2026-10-23,2026-11-17,2026-12-22,2027-01-31,2027-02-28,2027-08-20,c4987ba4b48273d8a2f2ea0e54f8769dbeb3b5a2,https://learn.microsoft.com/en-us/dynamics365/fin-ops-core/dev-itpro/get-started/public-preview-releases
10.0.51,CY27Q2,true,2027-01-25,2027-02-15,2027-03-12,2027-04-02,2027-04-30,2027-11-19,c4987ba4b48273d8a2f2ea0e54f8769dbeb3b5a2,https://learn.microsoft.com/en-us/dynamics365/fin-ops-core/dev-itpro/get-started/public-preview-releases
10.0.52,CY27Q3,false,2027-04-23,2027-05-10,2027-06-04,2027-07-02,2027-07-20,2028-02-15,c4987ba4b48273d8a2f2ea0e54f8769dbeb3b5a2,https://learn.microsoft.com/en-us/dynamics365/fin-ops-core/dev-itpro/get-started/public-preview-releases
10.0.53,CY27Q4,false,2027-07-26,2027-08-16,2027-09-10,2027-10-01,2027-10-29,2028-05-20,c4987ba4b48273d8a2f2ea0e54f8769dbeb3b5a2,https://learn.microsoft.com/en-us/dynamics365/fin-ops-core/dev-itpro/get-started/public-preview-releases
